Year,Month,Monthly Average,Monthly Anomaly Uncertainty
1850,1,11.440000000000001,0.404
1850,2,12.197,0.524
1850,3,12.666,0.449
1850,4,13.345,0.304
1850,5,14.288,0.249
1850,6,15.286,0.295
1850,7,15.758,0.223
1850,8,15.600999999999999,0.257
1850,9,14.747,0.225
1850,10,13.639,0.347
1850,11,12.635,0.325
1850,12,11.98,0.329
1851,1,12.035,0.369
1851,2,12.001,0.362
1851,3,12.474,0.364
1851,4,13.316,0.433
1851,5,14.58,0.313
1851,6,15.38,0.326
1851,7,15.716999999999999,0.228
1851,8,15.456999999999999,0.269
1851,9,14.774,0.299
1851,10,14.083,0.383
1851,11,12.829,0.347
1851,12,12.321,0.369
1852,1,11.955,0.499
1852,2,11.899,0.452
1852,3,12.277000000000001,0.33
1852,4,13.415000000000001,0.326
1852,5,14.764,0.309
1852,6,15.529,0.265
1852,7,15.894,0.199
1852,8,15.411999999999999,0.265
1852,9,14.865,0.23
1852,10,14.064,0.223
1852,11,12.67,0.356
1852,12,12.551,0.417
1853,1,11.923,0.465
1853,2,12.058,0.429
1853,3,12.639000000000001,0.286
1853,4,13.674000000000001,0.27
1853,5,14.645,0.257
1853,6,15.464,0.213
1853,7,15.965,0.235
1853,8,15.706,0.222
1853,9,14.767999999999999,0.211
1853,10,13.754,0.271
1853,11,12.558,0.354
1853,12,12.138,0.292
1854,1,11.644,0.403
1854,2,11.822,0.365
1854,3,12.761000000000001,0.262
1854,4,13.538,0.32
1854,5,14.626,0.253
1854,6,15.16,0.362
1854,7,15.748999999999999,0.279
1854,8,15.569999999999999,0.219
1854,9,14.915,0.282
1854,10,14.34,0.279
1854,11,12.972000000000001,0.375
1854,12,12.219,0.4
1855,1,12.117,0.52
1855,2,12.264999999999999,0.342
1855,3,12.765,0.294
1855,4,13.858,0.332
1855,5,14.681,0.25
1855,6,15.295,0.228
1855,7,15.549,0.23
1855,8,15.508999999999999,0.232
1855,9,14.687999999999999,0.238
1855,10,13.921,0.267
1855,11,12.824,0.26
1855,12,11.921,0.3
1856,1,12.225,0.356
1856,2,12.013,0.419
1856,3,12.623000000000001,0.331
1856,4,13.533000000000001,0.236
1856,5,14.571,0.256
1856,6,15.5,0.378
1856,7,15.641,0.291
1856,8,15.238,0.252
1856,9,14.450999999999999,0.225
1856,10,13.554,0.22
1856,11,12.64,0.25
1856,12,12.037,0.339
1857,1,11.684000000000001,0.366
1857,2,11.859,0.354
1857,3,12.402000000000001,0.304
1857,4,13.123000000000001,0.232
1857,5,14.151,0.216
1857,6,15.079,0.226
1857,7,15.421999999999999,0.231
1857,8,15.302,0.28
1857,9,14.683,0.269
1857,10,13.698,0.221
1857,11,12.711,0.266
1857,12,12.241,0.265
1858,1,11.982000000000001,0.543
1858,2,11.914,0.334
1858,3,12.725,0.311
1858,4,13.664000000000001,0.213
1858,5,14.501,0.187
1858,6,15.372,0.24
1858,7,15.607999999999999,0.21
1858,8,15.434,0.291
1858,9,14.68,0.248
1858,10,13.949,0.222
1858,11,13.036,0.226
1858,12,11.974,0.231
1859,1,11.845,0.354
1859,2,12.11,0.348
1859,3,12.793000000000001,0.293
1859,4,13.953000000000001,0.222
1859,5,14.924,0.218
1859,6,15.514,0.214
1859,7,15.613,0.232
1859,8,15.402,0.213
1859,9,14.638,0.239
1859,10,13.987,0.246
1859,11,13.02,0.266
1859,12,12.374,0.315
1860,1,11.862,0.382
1860,2,12.091,0.324
1860,3,12.333,0.313
1860,4,13.662,0.227
1860,5,14.69,0.214
1860,6,15.425,0.186
1860,7,15.658999999999999,0.219
1860,8,15.54,0.229
1860,9,14.866999999999999,0.253
1860,10,13.873,0.26
1860,11,12.679,0.256
1860,12,11.599,0.335
1861,1,11.197000000000001,0.339
1861,2,11.751,0.358
1861,3,12.451,0.285
1861,4,13.511000000000001,0.332
1861,5,14.443,0.223
1861,6,15.256,0.199
1861,7,15.606,0.244
1861,8,15.559999999999999,0.245
1861,9,14.76,0.248
1861,10,13.758,0.219
1861,11,13.002,0.231
1861,12,12.121,0.292
1862,1,11.283000000000001,0.438
1862,2,11.649,0.355
1862,3,12.496,0.297
1862,4,13.382000000000001,0.328
1862,5,14.619,0.274
1862,6,15.322000000000001,0.221
1862,7,15.601999999999999,0.197
1862,8,15.273,0.26
1862,9,14.628,0.225
1862,10,13.776,0.247
1862,11,12.625,0.373
1862,12,11.608,0.366
1863,1,12.085,0.391
1863,2,12.275,0.417
1863,3,12.697000000000001,0.293
1863,4,13.692,0.233
1863,5,14.696,0.285
1863,6,15.301,0.243
1863,7,15.568,0.24
1863,8,15.379999999999999,0.298
1863,9,14.667,0.302
1863,10,13.779,0.258
1863,11,12.847000000000001,0.298
1863,12,12.18,0.367
1864,1,11.719000000000001,0.379
1864,2,12.014,0.517
1864,3,12.613000000000001,0.354
1864,4,13.528,0.286
1864,5,14.764999999999999,0.239
1864,6,15.545,0.25
1864,7,15.753,0.263
1864,8,15.427999999999999,0.274
1864,9,14.671,0.235
1864,10,13.892,0.254
1864,11,12.828000000000001,0.333
1864,12,12.014,0.246
1865,1,12.278,0.341
1865,2,12.107,0.291
1865,3,12.619,0.297
1865,4,13.561,0.305
1865,5,14.642,0.245
1865,6,15.381,0.273
1865,7,15.758999999999999,0.225
1865,8,15.581,0.256
1865,9,14.953999999999999,0.27
1865,10,14.03,0.268
1865,11,13.047,0.313
1865,12,11.992,0.303
1866,1,12.229000000000001,0.387
1866,2,12.051,0.394
1866,3,12.582,0.34
1866,4,13.432,0.282
1866,5,14.564,0.22
1866,6,15.391,0.229
1866,7,16.052,0.242
1866,8,15.546999999999999,0.242
1866,9,14.862,0.272
1866,10,13.983,0.29
1866,11,13.166,0.268
1866,12,12.56,0.28
1867,1,12.049000000000001,0.426
1867,2,12.08,0.352
1867,3,12.744,0.254
1867,4,13.806000000000001,0.282
1867,5,14.526,0.215
1867,6,15.442,0.21
1867,7,15.751999999999999,0.261
1867,8,15.501999999999999,0.253
1867,9,15.032,0.219
1867,10,14.25,0.312
1867,11,13.464,0.372
1867,12,12.308,0.385
1868,1,11.697000000000001,0.343
1868,2,11.759,0.323
1868,3,12.724,0.287
1868,4,13.82,0.275
1868,5,14.828,0.22
1868,6,15.52,0.227
1868,7,15.997,0.224
1868,8,15.706999999999999,0.206
1868,9,14.913,0.204
1868,10,14.233,0.247
1868,11,12.888,0.238
1868,12,12.324,0.341
1869,1,11.986,0.366
1869,2,12.349,0.408
1869,3,12.604000000000001,0.278
1869,4,13.688,0.221
1869,5,14.751999999999999,0.2
1869,6,15.462,0.312
1869,7,15.709999999999999,0.208
1869,8,15.584,0.228
1869,9,15.093,0.184
1869,10,14.019,0.255
1869,11,13.017000000000001,0.213
1869,12,12.058,0.281
1870,1,11.902000000000001,0.296
1870,2,11.936,0.291
1870,3,12.697000000000001,0.211
1870,4,13.680000000000001,0.266
1870,5,14.728,0.208
1870,6,15.558,0.159
1870,7,15.850999999999999,0.22
1870,8,15.49,0.205
1870,9,14.981,0.186
1870,10,13.913,0.194
1870,11,12.893,0.252
1870,12,11.903,0.254
1871,1,11.671000000000001,0.294
1871,2,11.809,0.297
1871,3,12.778,0.221
1871,4,13.893,0.17
1871,5,14.649,0.172
1871,6,15.435,0.189
1871,7,15.796,0.176
1871,8,15.584999999999999,0.18
1871,9,14.786,0.203
1871,10,13.988,0.223
1871,11,12.678,0.254
1871,12,12.082,0.24
1872,1,11.756,0.278
1872,2,12.009,0.258
1872,3,12.686,0.25
1872,4,13.592,0.227
1872,5,14.741999999999999,0.208
1872,6,15.387,0.166
1872,7,15.828999999999999,0.206
1872,8,15.732999999999999,0.216
1872,9,14.985,0.205
1872,10,14.034,0.201
1872,11,12.791,0.247
1872,12,11.985,0.293
1873,1,11.895,0.253
1873,2,12.333,0.272
1873,3,12.771,0.216
1873,4,13.497,0.234
1873,5,14.66,0.193
1873,6,15.449,0.192
1873,7,15.774999999999999,0.183
1873,8,15.626,0.175
1873,9,14.805,0.193
1873,10,14.0,0.186
1873,11,12.879000000000001,0.201
1873,12,12.252,0.22
1874,1,11.997,0.232
1874,2,12.148,0.226
1874,3,12.41,0.182
1874,4,13.599,0.207
1874,5,14.716999999999999,0.278
1874,6,15.334,0.191
1874,7,15.678999999999998,0.196
1874,8,15.597,0.213
1874,9,15.01,0.185
1874,10,13.922,0.187
1874,11,12.797,0.205
1874,12,12.158,0.196
1875,1,11.748000000000001,0.232
1875,2,12.051,0.243
1875,3,12.592,0.172
1875,4,13.581000000000001,0.182
1875,5,14.655,0.195
1875,6,15.374,0.205
1875,7,15.722,0.19
1875,8,15.517999999999999,0.216
1875,9,14.905,0.182
1875,10,14.053,0.185
1875,11,12.652000000000001,0.189
1875,12,12.015,0.194
1876,1,11.833,0.259
1876,2,12.15,0.235
1876,3,12.755,0.208
1876,4,13.688,0.209
1876,5,14.411,0.174
1876,6,15.32,0.189
1876,7,15.776,0.19
1876,8,15.459,0.213
1876,9,14.811,0.177
1876,10,13.971,0.169
1876,11,12.738,0.187
1876,12,11.902000000000001,0.17
1877,1,12.021,0.246
1877,2,12.328,0.205
1877,3,13.095,0.162
1877,4,13.831000000000001,0.171
1877,5,14.873999999999999,0.182
1877,6,15.582,0.166
1877,7,16.064,0.175
1877,8,15.995999999999999,0.193
1877,9,15.333,0.165
1877,10,14.421,0.166
1877,11,13.428,0.182
1877,12,12.396,0.218
1878,1,12.207,0.259
1878,2,12.833,0.207
1878,3,13.615,0.214
1878,4,14.258000000000001,0.169
1878,5,14.873,0.182
1878,6,15.751,0.189
1878,7,16.041,0.207
1878,8,15.847,0.204
1878,9,15.149,0.19
1878,10,14.169,0.168
1878,11,13.258000000000001,0.211
1878,12,12.362,0.169
1879,1,12.086,0.205
1879,2,12.192,0.178
1879,3,12.991,0.182
1879,4,13.671000000000001,0.174
1879,5,14.690999999999999,0.176
1879,6,15.452,0.201
1879,7,15.715,0.184
1879,8,15.527,0.204
1879,9,14.882,0.176
1879,10,14.16,0.199
1879,11,12.922,0.186
1879,12,11.97,0.18
1880,1,11.842,0.237
1880,2,11.902,0.225
1880,3,12.74,0.188
1880,4,13.602,0.17
1880,5,14.692,0.165
1880,6,15.338000000000001,0.149
1880,7,15.671,0.173
1880,8,15.545,0.185
1880,9,14.802,0.181
1880,10,13.912,0.159
1880,11,13.021,0.189
1880,12,12.246,0.227
1881,1,12.110000000000001,0.217
1881,2,12.225999999999999,0.209
1881,3,12.97,0.17
1881,4,13.943000000000001,0.172
1881,5,14.836,0.177
1881,6,15.301,0.177
1881,7,15.793999999999999,0.176
1881,8,15.626,0.178
1881,9,14.886999999999999,0.179
1881,10,13.98,0.149
1881,11,12.818,0.168
1881,12,12.266,0.2
1882,1,12.321,0.199
1882,2,12.439,0.205
1882,3,12.927,0.176
1882,4,13.674000000000001,0.156
1882,5,14.686,0.164
1882,6,15.326,0.144
1882,7,15.591,0.168
1882,8,15.562,0.198
1882,9,14.987,0.166
1882,10,13.891,0.157
1882,11,12.783000000000001,0.177
1882,12,11.925,0.182
1883,1,11.815000000000001,0.186
1883,2,11.991999999999999,0.177
1883,3,12.96,0.155
1883,4,13.655000000000001,0.153
1883,5,14.706,0.161
1883,6,15.511000000000001,0.165
1883,7,15.671,0.178
1883,8,15.417,0.183
1883,9,14.821,0.162
1883,10,13.956,0.153
1883,11,12.727,0.173
1883,12,12.21,0.175
1884,1,11.979000000000001,0.181
1884,2,12.225999999999999,0.167
1884,3,12.548,0.186
1884,4,13.406,0.146
1884,5,14.354,0.162
1884,6,15.123,0.142
1884,7,15.385,0.171
1884,8,15.286,0.176
1884,9,14.638,0.163
1884,10,13.773,0.148
1884,11,12.609,0.155
1884,12,12.034,0.159
1885,1,11.535,0.18
1885,2,11.948,0.176
1885,3,12.694,0.142
1885,4,13.458,0.162
1885,5,14.381,0.172
1885,6,15.085,0.153
1885,7,15.597,0.168
1885,8,15.338,0.175
1885,9,14.741999999999999,0.155
1885,10,13.905,0.15
1885,11,12.82,0.147
1885,12,12.312,0.151
1886,1,11.578000000000001,0.171
1886,2,11.773,0.166
1886,3,12.509,0.142
1886,4,13.574,0.142
1886,5,14.613,0.158
1886,6,15.192,0.157
1886,7,15.661,0.193
1886,8,15.325999999999999,0.19
1886,9,14.681,0.165
1886,10,13.776,0.141
1886,11,12.662,0.144
1886,12,12.106,0.171
1887,1,11.26,0.172
1887,2,11.721,0.165
1887,3,12.566,0.138
1887,4,13.584000000000001,0.153
1887,5,14.478,0.16
1887,6,15.166,0.158
1887,7,15.604,0.164
1887,8,15.238999999999999,0.183
1887,9,14.782,0.161
1887,10,13.821,0.142
1887,11,12.809000000000001,0.147
1887,12,12.071,0.14
1888,1,11.863,0.191
1888,2,11.901,0.138
1888,3,12.602,0.141
1888,4,13.591000000000001,0.155
1888,5,14.591,0.175
1888,6,15.337,0.182
1888,7,15.703,0.176
1888,8,15.5,0.186
1888,9,14.895,0.166
1888,10,14.154,0.139
1888,11,13.061,0.157
1888,12,12.367,0.139
1889,1,12.099,0.154
1889,2,12.657,0.148
1889,3,13.094000000000001,0.129
1889,4,14.035,0.144
1889,5,14.788,0.161
1889,6,15.461,0.137
1889,7,15.792,0.18
1889,8,15.49,0.175
1889,9,14.825,0.162
1889,10,13.938,0.15
1889,11,12.724,0.136
1889,12,12.15,0.128
1890,1,11.766,0.153
1890,2,11.993,0.167
1890,3,12.491,0.142
1890,4,13.558,0.137
1890,5,14.443,0.146
1890,6,15.181000000000001,0.141
1890,7,15.504999999999999,0.161
1890,8,15.302,0.17
1890,9,14.718,0.16
1890,10,13.948,0.151
1890,11,12.553,0.165
1890,12,12.114,0.159
1891,1,11.741,0.162
1891,2,11.837,0.154
1891,3,12.828000000000001,0.14
1891,4,13.614,0.149
1891,5,14.68,0.145
1891,6,15.294,0.132
1891,7,15.616999999999999,0.173
1891,8,15.49,0.172
1891,9,14.926,0.154
1891,10,13.903,0.146
1891,11,12.727,0.142
1891,12,12.377,0.142
1892,1,11.945,0.171
1892,2,12.251,0.144
1892,3,12.617,0.145
1892,4,13.492,0.139
1892,5,14.548,0.141
1892,6,15.376,0.146
1892,7,15.491,0.164
1892,8,15.334,0.167
1892,9,14.792,0.151
1892,10,13.982,0.14
1892,11,12.473,0.145
1892,12,11.99,0.151
1893,1,11.325000000000001,0.142
1893,2,11.812999999999999,0.133
1893,3,12.770000000000001,0.128
1893,4,13.618,0.146
1893,5,14.561,0.173
1893,6,15.36,0.146
1893,7,15.779,0.169
1893,8,15.514999999999999,0.179
1893,9,14.843,0.146
1893,10,14.025,0.127
1893,11,12.903,0.134
1893,12,12.092,0.137
1894,1,11.695,0.155
1894,2,12.025,0.148
1894,3,12.742,0.138
1894,4,13.465,0.144
1894,5,14.558,0.153
1894,6,15.207,0.146
1894,7,15.675999999999998,0.164
1894,8,15.511999999999999,0.167
1894,9,14.853,0.14
1894,10,14.025,0.134
1894,11,12.815000000000001,0.141
1894,12,12.174,0.133
1895,1,11.769,0.135
1895,2,11.975999999999999,0.134
1895,3,12.639000000000001,0.12
1895,4,13.698,0.133
1895,5,14.625,0.166
1895,6,15.38,0.147
1895,7,15.735,0.165
1895,8,15.488,0.169
1895,9,14.859,0.152
1895,10,14.027,0.141
1895,11,13.032,0.152
1895,12,12.305,0.13
1896,1,12.009,0.135
1896,2,12.168,0.128
1896,3,12.602,0.134
1896,4,13.493,0.164
1896,5,14.679,0.17
1896,6,15.523,0.155
1896,7,15.844,0.17
1896,8,15.68,0.175
1896,9,15.006,0.179
1896,10,14.207,0.161
1896,11,12.954,0.136
1896,12,12.401,0.132
1897,1,12.059000000000001,0.152
1897,2,12.164,0.135
1897,3,12.774000000000001,0.128
1897,4,13.927000000000001,0.154
1897,5,14.947,0.159
1897,6,15.502,0.163
1897,7,15.769,0.17
1897,8,15.578,0.181
1897,9,14.948,0.159
1897,10,14.051,0.15
1897,11,12.913,0.158
1897,12,12.247,0.152
1898,1,12.07,0.19
1898,2,11.945,0.14
1898,3,12.436,0.166
1898,4,13.588000000000001,0.195
1898,5,14.527999999999999,0.147
1898,6,15.433,0.134
1898,7,15.607999999999999,0.163
1898,8,15.421,0.177
1898,9,14.796,0.147
1898,10,13.772,0.123
1898,11,12.683,0.121
1898,12,12.103,0.12
1899,1,12.027000000000001,0.144
1899,2,11.961,0.146
1899,3,12.614,0.119
1899,4,13.754000000000001,0.137
1899,5,14.744,0.152
1899,6,15.295,0.137
1899,7,15.678999999999998,0.158
1899,8,15.619,0.171
1899,9,15.078999999999999,0.142
1899,10,14.172,0.129
1899,11,13.243,0.125
1899,12,12.22,0.156
1900,1,11.816,0.154
1900,2,12.424,0.121
1900,3,13.074,0.111
1900,4,13.864,0.141
1900,5,14.882,0.145
1900,6,15.514,0.154
1900,7,15.77,0.164
1900,8,15.609,0.17
1900,9,15.056,0.148
1900,10,14.29,0.135
1900,11,13.016,0.135
1900,12,12.369,0.142
1901,1,11.950000000000001,0.136
1901,2,12.315,0.123
1901,3,13.041,0.12
1901,4,13.948,0.154
1901,5,14.789,0.145
1901,6,15.435,0.143
1901,7,15.687,0.164
1901,8,15.59,0.166
1901,9,14.902999999999999,0.143
1901,10,13.961,0.128
1901,11,12.909,0.12
1901,12,12.24,0.136
1902,1,11.948,0.145
1902,2,12.363,0.131
1902,3,12.673,0.111
1902,4,13.658000000000001,0.139
1902,5,14.568,0.148
1902,6,15.307,0.137
1902,7,15.636,0.162
1902,8,15.434999999999999,0.175
1902,9,14.82,0.156
1902,10,13.831,0.138
1902,11,12.677,0.143
1902,12,11.99,0.138
1903,1,11.975,0.144
1903,2,12.280999999999999,0.152
1903,3,12.769,0.123
1903,4,13.491000000000001,0.134
1903,5,14.491999999999999,0.146
1903,6,15.111,0.128
1903,7,15.481,0.159
1903,8,15.219,0.162
1903,9,14.574,0.148
1903,10,13.69,0.133
1903,11,12.675,0.124
1903,12,11.977,0.114
1904,1,11.57,0.127
1904,2,11.772,0.13
1904,3,12.564,0.118
1904,4,13.444,0.134
1904,5,14.408,0.145
1904,6,15.144,0.134
1904,7,15.407,0.159
1904,8,15.274999999999999,0.163
1904,9,14.584,0.139
1904,10,13.76,0.127
1904,11,12.937000000000001,0.126
1904,12,12.164,0.125
1905,1,11.895,0.13
1905,2,11.817,0.131
1905,3,12.749,0.113
1905,4,13.604000000000001,0.146
1905,5,14.652999999999999,0.141
1905,6,15.325,0.129
1905,7,15.584,0.167
1905,8,15.501999999999999,0.174
1905,9,14.844999999999999,0.143
1905,10,13.936,0.13
1905,11,13.043000000000001,0.114
1905,12,12.228,0.12
1906,1,11.897,0.124
1906,2,12.116,0.123
1906,3,12.947000000000001,0.126
1906,4,13.948,0.137
1906,5,14.663,0.147
1906,6,15.407,0.133
1906,7,15.614999999999998,0.173
1906,8,15.507,0.171
1906,9,14.857,0.149
1906,10,14.074,0.136
1906,11,12.834,0.131
1906,12,12.347,0.127
1907,1,11.823,0.113
1907,2,11.878,0.114
1907,3,12.783000000000001,0.123
1907,4,13.638,0.136
1907,5,14.434,0.149
1907,6,15.178,0.131
1907,7,15.524999999999999,0.169
1907,8,15.351999999999999,0.175
1907,9,14.783999999999999,0.145
1907,10,14.012,0.12
1907,11,12.683,0.129
1907,12,12.035,0.138
1908,1,11.812000000000001,0.127
1908,2,12.161,0.118
1908,3,12.46,0.111
1908,4,13.495000000000001,0.12
1908,5,14.648,0.139
1908,6,15.329,0.123
1908,7,15.584,0.158
1908,8,15.293,0.165
1908,9,14.817,0.134
1908,10,13.769,0.122
1908,11,12.557,0.118
1908,12,11.922,0.108
1909,1,11.463000000000001,0.115
1909,2,11.943999999999999,0.108
1909,3,12.481,0.102
1909,4,13.411000000000001,0.132
1909,5,14.424999999999999,0.138
1909,6,15.168,0.131
1909,7,15.424999999999999,0.161
1909,8,15.423,0.168
1909,9,14.703999999999999,0.135
1909,10,13.794,0.121
1909,11,12.809000000000001,0.117
1909,12,12.003,0.112
1910,1,11.842,0.127
1910,2,11.969,0.11
1910,3,12.523,0.131
1910,4,13.532,0.122
1910,5,14.588,0.133
1910,6,15.24,0.121
1910,7,15.519,0.155
1910,8,15.366999999999999,0.163
1910,9,14.75,0.135
1910,10,13.856,0.116
1910,11,12.598,0.137
1910,12,11.751,0.113
1911,1,11.546000000000001,0.103
1911,2,11.795,0.111
1911,3,12.440000000000001,0.098
1911,4,13.472000000000001,0.126
1911,5,14.408999999999999,0.14
1911,6,15.147,0.134
1911,7,15.459,0.158
1911,8,15.309,0.164
1911,9,14.696,0.137
1911,10,13.989,0.115
1911,11,12.904,0.114
1911,12,12.211,0.12
1912,1,11.995000000000001,0.116
1912,2,12.203999999999999,0.114
1912,3,12.618,0.103
1912,4,13.799000000000001,0.126
1912,5,14.69,0.14
1912,6,15.437,0.125
1912,7,15.434,0.161
1912,8,15.192,0.169
1912,9,14.526,0.131
1912,10,13.604,0.118
1912,11,12.731,0.123
1912,12,11.984,0.117
1913,1,11.696,0.103
1913,2,11.949,0.11
1913,3,12.616,0.102
1913,4,13.628,0.113
1913,5,14.527,0.129
1913,6,15.179,0.118
1913,7,15.517,0.155
1913,8,15.423,0.162
1913,9,14.766,0.127
1913,10,13.89,0.106
1913,11,12.917,0.112
1913,12,12.485,0.105
1914,1,12.23,0.099
1914,2,12.203999999999999,0.097
1914,3,12.729000000000001,0.103
1914,4,13.651,0.12
1914,5,14.727,0.13
1914,6,15.424,0.121
1914,7,15.642999999999999,0.161
1914,8,15.565,0.167
1914,9,14.92,0.14
1914,10,14.224,0.112
1914,11,13.041,0.108
1914,12,12.456,0.122
1915,1,11.997,0.104
1915,2,12.317,0.112
1915,3,13.037,0.111
1915,4,14.054,0.118
1915,5,14.953999999999999,0.132
1915,6,15.463000000000001,0.136
1915,7,15.732999999999999,0.161
1915,8,15.652,0.169
1915,9,14.971,0.141
1915,10,13.955,0.117
1915,11,13.09,0.112
1915,12,12.219,0.11
1916,1,12.035,0.114
1916,2,12.267,0.102
1916,3,12.783000000000001,0.099
1916,4,13.636000000000001,0.116
1916,5,14.606,0.131
1916,6,15.267,0.131
1916,7,15.58,0.161
1916,8,15.405999999999999,0.171
1916,9,14.777999999999999,0.138
1916,10,13.853,0.123
1916,11,12.679,0.125
1916,12,11.685,0.111
1917,1,11.558,0.126
1917,2,11.774,0.124
1917,3,12.373000000000001,0.112
1917,4,13.442,0.129
1917,5,14.354,0.144
1917,6,15.152000000000001,0.127
1917,7,15.642,0.164
1917,8,15.443999999999999,0.168
1917,9,14.806999999999999,0.142
1917,10,13.734,0.121
1917,11,12.736,0.116
1917,12,11.755,0.111
1918,1,11.684000000000001,0.122
1918,2,11.926,0.106
1918,3,12.642000000000001,0.109
1918,4,13.454,0.121
1918,5,14.461,0.137
1918,6,15.277000000000001,0.137
1918,7,15.578999999999999,0.171
1918,8,15.376,0.169
1918,9,14.963,0.142
1918,10,14.205,0.127
1918,11,13.019,0.12
1918,12,12.200000000000001,0.133
1919,1,12.032,0.156
1919,2,12.221,0.115
1919,3,12.774000000000001,0.112
1919,4,13.863000000000001,0.128
1919,5,14.705,0.14
1919,6,15.332,0.131
1919,7,15.623,0.164
1919,8,15.49,0.169
1919,9,14.83,0.141
1919,10,13.964,0.126
1919,11,12.667,0.123
1919,12,12.081,0.121
1920,1,12.064,0.122
1920,2,12.113,0.108
1920,3,12.969000000000001,0.109
1920,4,13.799000000000001,0.142
1920,5,14.702,0.14
1920,6,15.406,0.132
1920,7,15.684,0.165
1920,8,15.526,0.166
1920,9,14.971,0.14
1920,10,14.098,0.122
1920,11,12.931000000000001,0.114
1920,12,12.001,0.119
1921,1,12.114,0.112
1921,2,12.247,0.113
1921,3,12.768,0.106
1921,4,13.696000000000002,0.123
1921,5,14.636,0.137
1921,6,15.512,0.13
1921,7,15.798,0.158
1921,8,15.495999999999999,0.165
1921,9,15.023,0.135
1921,10,14.204,0.125
1921,11,13.092,0.116
1921,12,12.372,0.123
1922,1,11.953000000000001,0.116
1922,2,12.046999999999999,0.101
1922,3,12.931000000000001,0.103
1922,4,13.854000000000001,0.123
1922,5,14.578999999999999,0.135
1922,6,15.399000000000001,0.126
1922,7,15.722,0.162
1922,8,15.41,0.164
1922,9,14.812999999999999,0.135
1922,10,13.894,0.122
1922,11,12.97,0.111
1922,12,12.321,0.107
1923,1,11.940000000000001,0.105
1923,2,12.043,0.1
1923,3,12.695,0.1
1923,4,13.692,0.126
1923,5,14.657,0.138
1923,6,15.443,0.128
1923,7,15.578999999999999,0.156
1923,8,15.450999999999999,0.165
1923,9,14.841999999999999,0.132
1923,10,14.211,0.118
1923,11,13.26,0.114
1923,12,12.505,0.105
1924,1,11.974,0.106
1924,2,12.200999999999999,0.122
1924,3,13.008000000000001,0.1
1924,4,13.713000000000001,0.124
1924,5,14.793,0.135
1924,6,15.434,0.125
1924,7,15.697,0.157
1924,8,15.468,0.163
1924,9,14.857,0.138
1924,10,13.928,0.117
1924,11,13.015,0.113
1924,12,12.144,0.113
1925,1,11.814,0.109
1925,2,11.985,0.113
1925,3,12.802,0.114
1925,4,13.736,0.124
1925,5,14.777999999999999,0.139
1925,6,15.4,0.127
1925,7,15.67,0.157
1925,8,15.622,0.161
1925,9,14.977,0.137
1925,10,14.105,0.118
1925,11,13.208,0.112
1925,12,12.662,0.104
1926,1,12.464,0.101
1926,2,12.433,0.102
1926,3,13.194,0.097
1926,4,13.901,0.121
1926,5,14.748999999999999,0.136
1926,6,15.465,0.127
1926,7,15.726999999999999,0.16
1926,8,15.662999999999998,0.168
1926,9,15.075999999999999,0.137
1926,10,14.269,0.116
1926,11,13.178,0.111
1926,12,12.267,0.112
1927,1,11.985000000000001,0.111
1927,2,12.261999999999999,0.102
1927,3,12.675,0.095
1927,4,13.72,0.12
1927,5,14.769,0.133
1927,6,15.403,0.124
1927,7,15.748999999999999,0.157
1927,8,15.607999999999999,0.164
1927,9,15.068999999999999,0.136
1927,10,14.314,0.12
1927,11,13.165000000000001,0.113
1927,12,12.235,0.107
1928,1,12.336,0.108
1928,2,12.413,0.105
1928,3,12.839,0.11
1928,4,13.781,0.122
1928,5,14.652,0.136
1928,6,15.289,0.124
1928,7,15.754,0.156
1928,8,15.552,0.163
1928,9,14.926,0.135
1928,10,14.109,0.115
1928,11,13.097000000000001,0.114
1928,12,12.345,0.115
1929,1,11.82,0.106
1929,2,11.908,0.102
1929,3,12.654,0.101
1929,4,13.589,0.123
1929,5,14.517,0.136
1929,6,15.239,0.123
1929,7,15.524,0.155
1929,8,15.49,0.165
1929,9,14.924,0.138
1929,10,14.121,0.117
1929,11,13.089,0.115
1929,12,11.998000000000001,0.106
1930,1,12.013,0.117
1930,2,12.158999999999999,0.108
1930,3,12.950000000000001,0.101
1930,4,13.776,0.12
1930,5,14.732999999999999,0.132
1930,6,15.465,0.128
1930,7,15.806,0.16
1930,8,15.661,0.168
1930,9,15.059999999999999,0.137
1930,10,14.19,0.119
1930,11,13.353,0.118
1930,12,12.482000000000001,0.11
1931,1,12.132,0.103
1931,2,12.224,0.103
1931,3,12.982000000000001,0.101
1931,4,13.811,0.12
1931,5,14.751999999999999,0.139
1931,6,15.606,0.122
1931,7,15.939,0.156
1931,8,15.770999999999999,0.164
1931,9,15.136999999999999,0.136
1931,10,14.332,0.116
1931,11,13.192,0.115
1931,12,12.493,0.116
1932,1,12.337,0.107
1932,2,12.267,0.108
1932,3,12.96,0.105
1932,4,14.020000000000001,0.12
1932,5,14.876,0.135
1932,6,15.441,0.122
1932,7,15.774999999999999,0.156
1932,8,15.575,0.161
1932,9,15.183,0.134
1932,10,14.21,0.114
1932,11,12.923,0.106
1932,12,12.312,0.108
1933,1,11.981,0.119
1933,2,12.163,0.098
1933,3,12.748000000000001,0.105
1933,4,13.696000000000002,0.119
1933,5,14.639,0.132
1933,6,15.276,0.125
1933,7,15.667,0.159
1933,8,15.577,0.162
1933,9,14.838,0.138
1933,10,14.019,0.114
1933,11,12.855,0.108
1933,12,12.085,0.11
1934,1,11.973,0.098
1934,2,12.344,0.099
1934,3,12.685,0.099
1934,4,13.638,0.119
1934,5,14.796,0.132
1934,6,15.496,0.122
1934,7,15.799999999999999,0.158
1934,8,15.631,0.164
1934,9,15.001999999999999,0.133
1934,10,14.21,0.117
1934,11,13.286,0.11
1934,12,12.456,0.106
1935,1,11.865,0.104
1935,2,12.511,0.101
1935,3,12.902000000000001,0.097
1935,4,13.656,0.118
1935,5,14.61,0.133
1935,6,15.438,0.125
1935,7,15.744,0.157
1935,8,15.559999999999999,0.163
1935,9,14.953,0.134
1935,10,14.212,0.114
1935,11,12.84,0.109
1935,12,12.302,0.104
1936,1,11.926,0.093
1936,2,12.100999999999999,0.093
1936,3,12.749,0.101
1936,4,13.797,0.118
1936,5,14.777,0.133
1936,6,15.507,0.12
1936,7,15.876,0.156
1936,8,15.661999999999999,0.161
1936,9,15.059,0.132
1936,10,14.294,0.114
1936,11,13.157,0.11
1936,12,12.523,0.102
1937,1,12.169,0.099
1937,2,12.508,0.096
1937,3,12.907,0.099
1937,4,13.881,0.116
1937,5,14.905,0.132
1937,6,15.68,0.12
1937,7,15.971,0.154
1937,8,15.821,0.162
1937,9,15.308,0.136
1937,10,14.396,0.114
1937,11,13.306000000000001,0.11
1937,12,12.469,0.107
1938,1,12.306000000000001,0.095
1938,2,12.51,0.095
1938,3,13.14,0.101
1938,4,14.031,0.122
1938,5,14.849,0.132
1938,6,15.532,0.12
1938,7,15.879999999999999,0.153
1938,8,15.757,0.159
1938,9,15.231,0.133
1938,10,14.462,0.116
1938,11,13.293000000000001,0.114
1938,12,12.375,0.105
1939,1,12.191,0.1
1939,2,12.346,0.096
1939,3,12.854000000000001,0.097
1939,4,13.963000000000001,0.117
1939,5,15.02,0.131
1939,6,15.681000000000001,0.119
1939,7,15.905999999999999,0.157
1939,8,15.741,0.168
1939,9,15.148,0.144
1939,10,14.177,0.131
1939,11,13.165000000000001,0.127
1939,12,12.912,0.121
1940,1,12.291,0.107
1940,2,12.549,0.113
1940,3,13.139000000000001,0.11
1940,4,14.103000000000002,0.128
1940,5,14.985,0.14
1940,6,15.686,0.13
1940,7,16.076,0.165
1940,8,15.841,0.171
1940,9,15.26,0.147
1940,10,14.297,0.129
1940,11,13.171000000000001,0.123
1940,12,12.698,0.119
1941,1,12.215,0.199
1941,2,12.562999999999999,0.202
1941,3,12.995000000000001,0.201
1941,4,13.948,0.211
1941,5,14.961,0.218
1941,6,15.713000000000001,0.207
1941,7,16.070999999999998,0.227
1941,8,15.766,0.234
1941,9,14.982999999999999,0.217
1941,10,14.468,0.206
1941,11,13.202,0.207
1941,12,12.682,0.207
1942,1,12.568,0.201
1942,2,12.437,0.204
1942,3,13.138,0.202
1942,4,13.983,0.21
1942,5,15.020999999999999,0.219
1942,6,15.7,0.208
1942,7,15.921999999999999,0.228
1942,8,15.703,0.238
1942,9,15.113999999999999,0.22
1942,10,14.27,0.21
1942,11,13.236,0.206
1942,12,12.593,0.205
1943,1,12.18,0.204
1943,2,12.559,0.204
1943,3,13.016,0.204
1943,4,14.101,0.212
1943,5,15.03,0.218
1943,6,15.631,0.21
1943,7,16.032999999999998,0.229
1943,8,15.883999999999999,0.231
1943,9,15.212,0.212
1943,10,14.56,0.206
1943,11,13.385,0.204
1943,12,12.754,0.205
1944,1,12.609,0.2
1944,2,12.68,0.202
1944,3,13.314,0.2
1944,4,14.142000000000001,0.209
1944,5,15.104,0.215
1944,6,15.776,0.211
1944,7,16.13,0.226
1944,8,16.005,0.233
1944,9,15.375,0.214
1944,10,14.532,0.208
1944,11,13.297,0.209
1944,12,12.615,0.21
1945,1,12.329,0.203
1945,2,12.414,0.206
1945,3,13.142000000000001,0.203
1945,4,14.193000000000001,0.21
1945,5,14.958,0.217
1945,6,15.668,0.213
1945,7,15.943,0.233
1945,8,16.006,0.237
1945,9,15.291,0.214
1945,10,14.468,0.202
1945,11,13.233,0.199
1945,12,12.422,0.201
1946,1,12.279,0.152
1946,2,12.386,0.148
1946,3,13.086,0.144
1946,4,14.046000000000001,0.154
1946,5,14.882,0.165
1946,6,15.464,0.153
1946,7,15.876,0.18
1946,8,15.610999999999999,0.188
1946,9,15.056999999999999,0.166
1946,10,14.235,0.154
1946,11,13.153,0.145
1946,12,12.231,0.141
1947,1,12.225,0.138
1947,2,12.456999999999999,0.133
1947,3,13.182,0.133
1947,4,14.049000000000001,0.151
1947,5,14.891,0.162
1947,6,15.609,0.153
1947,7,15.904,0.179
1947,8,15.662999999999998,0.182
1947,9,15.077,0.163
1947,10,14.369,0.15
1947,11,13.291,0.146
1947,12,12.425,0.139
1948,1,12.304,0.132
1948,2,12.270999999999999,0.131
1948,3,12.839,0.132
1948,4,13.882000000000001,0.145
1948,5,14.991999999999999,0.153
1948,6,15.694,0.146
1948,7,15.844999999999999,0.168
1948,8,15.721,0.169
1948,9,15.033999999999999,0.148
1948,10,14.216,0.14
1948,11,13.033000000000001,0.141
1948,12,12.189,0.133
1949,1,12.31,0.117
1949,2,12.238,0.114
1949,3,12.979000000000001,0.114
1949,4,13.875,0.128
1949,5,14.860999999999999,0.139
1949,6,15.418,0.131
1949,7,15.777999999999999,0.155
1949,8,15.673,0.159
1949,9,15.025,0.136
1949,10,14.224,0.118
1949,11,13.091000000000001,0.111
1949,12,12.427,0.109
1950,1,11.995000000000001,0.103
1950,2,12.097999999999999,0.099
1950,3,12.943,0.096
1950,4,13.771,0.112
1950,5,14.875,0.119
1950,6,15.643,0.115
1950,7,15.924999999999999,0.132
1950,8,15.610999999999999,0.125
1950,9,14.995,0.115
1950,10,14.08,0.106
1950,11,12.888,0.094
1950,12,12.304,0.094
1951,1,11.9,0.083
1951,2,12.041,0.084
1951,3,12.917,0.088
1951,4,13.952,0.096
1951,5,15.071,0.105
1951,6,15.769,0.096
1951,7,16.009999999999998,0.112
1951,8,15.968,0.13
1951,9,15.288,0.107
1951,10,14.46,0.093
1951,11,13.238,0.094
1951,12,12.687,0.089
1952,1,12.416,0.083
1952,2,12.596,0.089
1952,3,12.994,0.091
1952,4,14.071000000000002,0.113
1952,5,15.014999999999999,0.128
1952,6,15.757,0.117
1952,7,16.07,0.149
1952,8,15.895999999999999,0.149
1952,9,15.312,0.122
1952,10,14.319,0.103
1952,11,13.131,0.102
1952,12,12.578,0.096
1953,1,12.319,0.089
1953,2,12.626999999999999,0.092
1953,3,13.157,0.095
1953,4,14.289000000000001,0.113
1953,5,15.199,0.129
1953,6,15.914,0.121
1953,7,16.083,0.147
1953,8,15.928999999999998,0.151
1953,9,15.312,0.123
1953,10,14.369,0.106
1953,11,13.22,0.101
1953,12,12.624,0.101
1954,1,12.017000000000001,0.089
1954,2,12.376,0.095
1954,3,12.97,0.094
1954,4,13.976,0.106
1954,5,14.921,0.113
1954,6,15.620000000000001,0.105
1954,7,15.831999999999999,0.124
1954,8,15.706,0.126
1954,9,15.116999999999999,0.109
1954,10,14.347,0.096
1954,11,13.388,0.094
1954,12,12.423,0.094
1955,1,12.440000000000001,0.085
1955,2,12.305,0.085
1955,3,12.796000000000001,0.081
1955,4,13.848,0.097
1955,5,14.769,0.105
1955,6,15.612,0.101
1955,7,15.851999999999999,0.112
1955,8,15.911,0.111
1955,9,15.032,0.094
1955,10,14.261,0.084
1955,11,12.988,0.083
1955,12,12.258000000000001,0.082
1956,1,12.159,0.071
1956,2,12.286,0.072
1956,3,12.838000000000001,0.073
1956,4,13.752,0.076
1956,5,14.681,0.094
1956,6,15.528,0.081
1956,7,15.848999999999998,0.084
1956,8,15.482999999999999,0.08
1956,9,14.972,0.075
1956,10,13.974,0.077
1956,11,13.06,0.07
1956,12,12.495000000000001,0.071
1957,1,12.109,0.065
1957,2,12.394,0.066
1957,3,12.965,0.066
1957,4,14.019,0.071
1957,5,15.078999999999999,0.071
1957,6,15.858,0.075
1957,7,15.924,0.121
1957,8,15.926,0.072
1957,9,15.27,0.131
1957,10,14.348,0.082
1957,11,13.286,0.102
1957,12,12.641,0.07
1958,1,12.587,0.063
1958,2,12.626999999999999,0.069
1958,3,13.173,0.069
1958,4,13.999,0.072
1958,5,15.014,0.085
1958,6,15.596,0.071
1958,7,15.936,0.091
1958,8,15.709,0.071
1958,9,15.08,0.073
1958,10,14.3,0.071
1958,11,13.282,0.085
1958,12,12.577,0.085
1959,1,12.34,0.07
1959,2,12.478,0.066
1959,3,13.199,0.077
1959,4,14.167,0.068
1959,5,15.046,0.073
1959,6,15.751,0.07
1959,7,15.979999999999999,0.077
1959,8,15.780999999999999,0.078
1959,9,15.088,0.081
1959,10,14.239,0.067
1959,11,13.095,0.071
1959,12,12.512,0.069
1960,1,12.222000000000001,0.066
1960,2,12.543999999999999,0.064
1960,3,12.723,0.065
1960,4,13.833,0.068
1960,5,14.886999999999999,0.073
1960,6,15.659,0.074
1960,7,15.902,0.07
1960,8,15.866999999999999,0.071
1960,9,15.258,0.065
1960,10,14.319,0.065
1960,11,13.06,0.068
1960,12,12.713000000000001,0.055
1961,1,12.288,0.058
1961,2,12.61,0.052
1961,3,13.1,0.052
1961,4,14.127,0.055
1961,5,15.116999999999999,0.072
1961,6,15.792,0.077
1961,7,15.968,0.07
1961,8,15.795,0.067
1961,9,15.24,0.07
1961,10,14.214,0.065
1961,11,13.245000000000001,0.049
1961,12,12.370000000000001,0.051
1962,1,12.292,0.052
1962,2,12.552,0.046
1962,3,13.18,0.078
1962,4,14.023000000000001,0.068
1962,5,14.828,0.063
1962,6,15.675,0.079
1962,7,15.880999999999998,0.064
1962,8,15.713999999999999,0.058
1962,9,15.1,0.094
1962,10,14.215,0.08
1962,11,13.233,0.053
1962,12,12.487,0.055
1963,1,12.23,0.055
1963,2,12.557,0.049
1963,3,12.837,0.059
1963,4,13.908000000000001,0.067
1963,5,14.854999999999999,0.064
1963,6,15.638,0.056
1963,7,16.019,0.073
1963,8,16.037,0.073
1963,9,15.370999999999999,0.09
1963,10,14.39,0.063
1963,11,13.344000000000001,0.063
1963,12,12.531,0.054
1964,1,12.151,0.058
1964,2,12.312999999999999,0.05
1964,3,12.764000000000001,0.057
1964,4,13.637,0.07
1964,5,14.667,0.056
1964,6,15.622,0.06
1964,7,15.859,0.052
1964,8,15.498999999999999,0.138
1964,9,14.850999999999999,0.064
1964,10,13.968,0.055
1964,11,12.978,0.052
1964,12,12.256,0.044
1965,1,12.198,0.052
1965,2,12.27,0.05
1965,3,12.88,0.057
1965,4,13.789000000000001,0.048
1965,5,14.866999999999999,0.101
1965,6,15.568,0.095
1965,7,15.801,0.113
1965,8,15.725,0.056
1965,9,14.995,0.067
1965,10,14.243,0.051
1965,11,13.168000000000001,0.066
1965,12,12.488,0.051
1966,1,12.079,0.054
1966,2,12.399,0.05
1966,3,13.003,0.06
1966,4,13.958,0.055
1966,5,14.85,0.055
1966,6,15.669,0.078
1966,7,16.051,0.078
1966,8,15.744,0.057
1966,9,15.199,0.056
1966,10,14.097,0.08
1966,11,13.203000000000001,0.058
1966,12,12.487,0.05
1967,1,12.144,0.049
1967,2,12.213,0.057
1967,3,13.106,0.047
1967,4,13.983,0.051
1967,5,15.158999999999999,0.07
1967,6,15.661,0.059
1967,7,15.979,0.055
1967,8,15.780999999999999,0.063
1967,9,15.16,0.053
1967,10,14.305,0.051
1967,11,13.131,0.053
1967,12,12.48,0.045
1968,1,12.033000000000001,0.045
1968,2,12.286,0.055
1968,3,13.169,0.06
1968,4,13.930000000000001,0.065
1968,5,14.827,0.057
1968,6,15.596,0.048
1968,7,15.771999999999998,0.055
1968,8,15.665999999999999,0.048
1968,9,14.972,0.06
1968,10,14.341,0.086
1968,11,13.15,0.045
1968,12,12.439,0.045
1969,1,12.194,0.048
1969,2,12.325,0.044
1969,3,13.036000000000001,0.06
1969,4,14.15,0.049
1969,5,15.18,0.045
1969,6,15.784,0.069
1969,7,15.873,0.048
1969,8,15.786999999999999,0.054
1969,9,15.232,0.056
1969,10,14.332,0.057
1969,11,13.311,0.047
1969,12,12.782,0.054
1970,1,12.377,0.039
1970,2,12.607999999999999,0.05
1970,3,13.086,0.052
1970,4,14.044,0.056
1970,5,14.953,0.04
1970,6,15.627,0.038
1970,7,15.923,0.039
1970,8,15.686,0.044
1970,9,15.282,0.047
1970,10,14.277,0.051
1970,11,13.163,0.039
1970,12,12.381,0.034
1971,1,12.177,0.037
1971,2,12.232999999999999,0.05
1971,3,12.828000000000001,0.04
1971,4,13.9,0.038
1971,5,14.879,0.044
1971,6,15.539,0.049
1971,7,15.847999999999999,0.049
1971,8,15.705,0.06
1971,9,15.148,0.065
1971,10,14.194,0.046
1971,11,13.142000000000001,0.037
1971,12,12.372,0.035
1972,1,11.971,0.047
1972,2,12.234,0.047
1972,3,13.051,0.056
1972,4,13.989,0.04
1972,5,15.001999999999999,0.046
1972,6,15.709,0.061
1972,7,15.921999999999999,0.059
1972,8,15.959999999999999,0.05
1972,9,15.213,0.075
1972,10,14.268,0.059
1972,11,13.228,0.036
1972,12,12.729000000000001,0.038
1973,1,12.48,0.035
1973,2,12.702,0.038
1973,3,13.251000000000001,0.034
1973,4,14.278,0.052
1973,5,15.212,0.04
1973,6,15.843,0.048
1973,7,16.011,0.057
1973,8,15.834,0.079
1973,9,15.225,0.054
1973,10,14.334,0.054
1973,11,13.25,0.037
1973,12,12.496,0.038
1974,1,12.077,0.044
1974,2,12.139,0.049
1974,3,12.935,0.058
1974,4,13.91,0.058
1974,5,14.921,0.051
1974,6,15.665000000000001,0.042
1974,7,15.908999999999999,0.046
1974,8,15.963,0.069
1974,9,15.152999999999999,0.059
1974,10,14.208,0.05
1974,11,13.153,0.043
1974,12,12.423,0.058
1975,1,12.286,0.037
1975,2,12.57,0.042
1975,3,13.206000000000001,0.039
1975,4,14.085,0.048
1975,5,15.155999999999999,0.047
1975,6,15.703,0.056
1975,7,15.91,0.058
1975,8,15.596,0.085
1975,9,15.16,0.051
1975,10,14.181,0.055
1975,11,13.007,0.043
1975,12,12.388,0.041
1976,1,12.197000000000001,0.04
1976,2,12.336,0.041
1976,3,12.825000000000001,0.04
1976,4,13.915000000000001,0.044
1976,5,14.693999999999999,0.054
1976,6,15.491,0.057
1976,7,15.896999999999998,0.11
1976,8,15.636,0.106
1976,9,15.164,0.052
1976,10,14.056,0.056
1976,11,13.200000000000001,0.042
1976,12,12.656,0.048
1977,1,12.548,0.041
1977,2,12.679,0.049
1977,3,13.25,0.043
1977,4,14.284,0.038
1977,5,15.338,0.062
1977,6,16.022,0.043
1977,7,16.18,0.048
1977,8,16.067,0.051
1977,9,15.279,0.043
1977,10,14.365,0.056
1977,11,13.415000000000001,0.039
1977,12,12.589,0.05
1978,1,12.371,0.042
1978,2,12.636,0.048
1978,3,13.251000000000001,0.046
1978,4,14.199,0.051
1978,5,15.126999999999999,0.037
1978,6,15.696,0.036
1978,7,16.044,0.046
1978,8,15.603,0.043
1978,9,15.312,0.054
1978,10,14.255,0.042
1978,11,13.384,0.043
1978,12,12.639,0.038
1979,1,12.412,0.039
1979,2,12.372,0.038
1979,3,13.251000000000001,0.043
1979,4,14.217,0.036
1979,5,15.027999999999999,0.04
1979,6,15.766,0.051
1979,7,15.987,0.044
1979,8,15.953,0.034
1979,9,15.469999999999999,0.037
1979,10,14.496,0.052
1979,11,13.493,0.04
1979,12,12.991,0.037
1980,1,12.610000000000001,0.046
1980,2,12.907,0.041
1980,3,13.43,0.04
1980,4,14.399000000000001,0.047
1980,5,15.337,0.054
1980,6,15.885,0.063
1980,7,16.261,0.051
1980,8,16.053,0.079
1980,9,15.395999999999999,0.043
1980,10,14.412,0.04
1980,11,13.496,0.031
1980,12,12.723,0.035
1981,1,12.807,0.043
1981,2,12.860999999999999,0.033
1981,3,13.51,0.041
1981,4,14.302000000000001,0.038
1981,5,15.228,0.047
1981,6,16.04,0.06
1981,7,16.333,0.048
1981,8,16.208,0.054
1981,9,15.411999999999999,0.054
1981,10,14.395,0.036
1981,11,13.429,0.053
1981,12,12.981,0.05
1982,1,12.364,0.043
1982,2,12.597,0.039
1982,3,13.049000000000001,0.043
1982,4,14.081000000000001,0.045
1982,5,15.145999999999999,0.045
1982,6,15.779,0.047
1982,7,16.089,0.05
1982,8,15.863999999999999,0.05
1982,9,15.331999999999999,0.05
1982,10,14.38,0.043
1982,11,13.324,0.075
1982,12,12.927,0.05
1983,1,12.722000000000001,0.038
1983,2,12.885,0.037
1983,3,13.428,0.036
1983,4,14.325000000000001,0.034
1983,5,15.337,0.042
1983,6,15.905,0.052
1983,7,16.125,0.049
1983,8,16.145,0.054
1983,9,15.604999999999999,0.062
1983,10,14.416,0.06
1983,11,13.484,0.054
1983,12,12.725,0.051
1984,1,12.522,0.038
1984,2,12.584,0.04
1984,3,13.35,0.064
1984,4,14.151,0.065
1984,5,15.336,0.04
1984,6,15.763,0.113
1984,7,16.003,0.068
1984,8,15.936,0.052
1984,9,15.415,0.042
1984,10,14.36,0.077
1984,11,13.214,0.057
1984,12,12.463000000000001,0.049
1985,1,12.521,0.036
1985,2,12.481,0.042
1985,3,13.237,0.045
1985,4,14.148000000000001,0.041
1985,5,15.161999999999999,0.042
1985,6,15.849,0.053
1985,7,15.939,0.065
1985,8,15.985999999999999,0.05
1985,9,15.344,0.055
1985,10,14.388,0.061
1985,11,13.297,0.062
1985,12,12.706,0.05
1986,1,12.472000000000001,0.055
1986,2,12.866999999999999,0.044
1986,3,13.323,0.038
1986,4,14.303,0.043
1986,5,15.234,0.043
1986,6,15.787,0.04
1986,7,16.059,0.036
1986,8,15.969,0.039
1986,9,15.293,0.073
1986,10,14.416,0.044
1986,11,13.314,0.041
1986,12,12.68,0.036
1987,1,12.581,0.038
1987,2,12.841999999999999,0.034
1987,3,13.283000000000001,0.033
1987,4,14.275,0.039
1987,5,15.273,0.041
1987,6,16.056,0.039
1987,7,16.394,0.045
1987,8,16.108999999999998,0.051
1987,9,15.546999999999999,0.053
1987,10,14.577,0.039
1987,11,13.436,0.037
1987,12,13.009,0.04
1988,1,12.791,0.036
1988,2,12.870999999999999,0.038
1988,3,13.525,0.041
1988,4,14.482000000000001,0.032
1988,5,15.405,0.043
1988,6,16.113,0.042
1988,7,16.285,0.046
1988,8,16.198,0.044
1988,9,15.583,0.044
1988,10,14.571,0.056
1988,11,13.288,0.051
1988,12,12.787,0.054
1989,1,12.308,0.045
1989,2,12.796999999999999,0.04
1989,3,13.361,0.049
1989,4,14.316,0.043
1989,5,15.078,0.044
1989,6,15.823,0.042
1989,7,16.279999999999998,0.058
1989,8,16.121,0.053
1989,9,15.543999999999999,0.055
1989,10,14.585,0.041
1989,11,13.370000000000001,0.046
1989,12,12.945,0.052
1990,1,12.655000000000001,0.039
1990,2,12.834999999999999,0.041
1990,3,13.798,0.046
1990,4,14.627,0.054
1990,5,15.503,0.042
1990,6,16.074,0.046
1990,7,16.419,0.066
1990,8,16.131,0.039
1990,9,15.507,0.043
1990,10,14.692,0.056
1990,11,13.623000000000001,0.05
1990,12,12.924,0.049
1991,1,12.678,0.049
1991,2,12.966999999999999,0.038
1991,3,13.445,0.042
1991,4,14.579,0.041
1991,5,15.398,0.052
1991,6,16.214,0.047
1991,7,16.468999999999998,0.047
1991,8,16.233,0.045
1991,9,15.645999999999999,0.075
1991,10,14.6,0.038
1991,11,13.530000000000001,0.051
1991,12,12.889,0.049
1992,1,12.736,0.048
1992,2,12.888,0.051
1992,3,13.528,0.051
1992,4,14.319,0.038
1992,5,15.292,0.063
1992,6,15.953,0.053
1992,7,16.078,0.042
1992,8,15.897,0.067
1992,9,15.161999999999999,0.071
1992,10,14.3,0.073
1992,11,13.235000000000001,0.046
1992,12,12.75,0.071
1993,1,12.638,0.061
1993,2,12.872,0.042
1993,3,13.445,0.039
1993,4,14.346,0.035
1993,5,15.306,0.052
1993,6,15.977,0.038
1993,7,16.233,0.05
1993,8,15.988999999999999,0.044
1993,9,15.398,0.05
1993,10,14.54,0.044
1993,11,13.348,0.044
1993,12,12.735,0.051
1994,1,12.538,0.045
1994,2,12.548,0.039
1994,3,13.431000000000001,0.038
1994,4,14.430000000000001,0.045
1994,5,15.311,0.039
1994,6,16.113,0.039
1994,7,16.241,0.046
1994,8,16.027,0.051
1994,9,15.535,0.048
1994,10,14.699,0.049
1994,11,13.653,0.055
1994,12,12.888,0.038
1995,1,12.764000000000001,0.039
1995,2,13.218,0.038
1995,3,13.540000000000001,0.038
1995,4,14.563,0.037
1995,5,15.338,0.039
1995,6,16.175,0.048
1995,7,16.493,0.043
1995,8,16.325,0.042
1995,9,15.604,0.05
1995,10,14.765,0.047
1995,11,13.692,0.048
1995,12,12.835,0.037
1996,1,12.569,0.042
1996,2,13.027,0.042
1996,3,13.511000000000001,0.043
1996,4,14.439,0.035
1996,5,15.280999999999999,0.039
1996,6,15.95,0.037
1996,7,16.320999999999998,0.044
1996,8,16.311999999999998,0.048
1996,9,15.49,0.041
1996,10,14.46,0.049
1996,11,13.655000000000001,0.043
1996,12,12.972,0.045
1997,1,12.603,0.039
1997,2,12.869,0.038
1997,3,13.618,0.033
1997,4,14.48,0.041
1997,5,15.398,0.046
1997,6,16.289,0.043
1997,7,16.358,0.044
1997,8,16.245,0.055
1997,9,15.767999999999999,0.041
1997,10,14.953,0.038
1997,11,13.934000000000001,0.042
1997,12,13.156,0.041
1998,1,12.889000000000001,0.042
1998,2,13.327,0.042
1998,3,13.746,0.036
1998,4,14.792,0.038
1998,5,15.725999999999999,0.037
1998,6,16.463,0.048
1998,7,16.682,0.04
1998,8,16.547,0.036
1998,9,15.699,0.045
1998,10,14.744,0.05
1998,11,13.714,0.042
1998,12,13.154,0.042
1999,1,12.738,0.044
1999,2,13.134,0.042
1999,3,13.449,0.037
1999,4,14.395000000000001,0.034
1999,5,15.302,0.042
1999,6,16.11,0.04
1999,7,16.349999999999998,0.043
1999,8,16.156,0.039
1999,9,15.666,0.038
1999,10,14.65,0.052
1999,11,13.624,0.047
1999,12,12.982,0.039
2000,1,12.57,0.036
2000,2,13.036999999999999,0.041
2000,3,13.629000000000001,0.037
2000,4,14.621,0.038
2000,5,15.372,0.036
2000,6,16.118,0.036
2000,7,16.343999999999998,0.041
2000,8,16.273,0.039
2000,9,15.658999999999999,0.041
2000,10,14.534,0.049
2000,11,13.57,0.04
2000,12,12.848,0.046
2001,1,12.749,0.033
2001,2,12.943,0.04
2001,3,13.67,0.034
2001,4,14.593,0.042
2001,5,15.558,0.047
2001,6,16.233,0.04
2001,7,16.532,0.04
2001,8,16.274,0.044
2001,9,15.751,0.04
2001,10,14.764,0.041
2001,11,13.943,0.042
2001,12,13.167,0.044
2002,1,13.005,0.041
2002,2,13.17,0.053
2002,3,14.004000000000001,0.041
2002,4,14.668000000000001,0.035
2002,5,15.647,0.035
2002,6,16.242,0.031
2002,7,16.557,0.037
2002,8,16.357,0.043
2002,9,15.884,0.038
2002,10,14.869,0.043
2002,11,13.814,0.043
2002,12,13.07,0.037
2003,1,13.041,0.039
2003,2,13.056,0.04
2003,3,13.656,0.043
2003,4,14.620000000000001,0.042
2003,5,15.622,0.035
2003,6,16.168,0.038
2003,7,16.521,0.036
2003,8,16.453,0.041
2003,9,15.891,0.045
2003,10,15.0,0.037
2003,11,13.772,0.039
2003,12,13.291,0.038
2004,1,12.886000000000001,0.043
2004,2,13.174999999999999,0.041
2004,3,13.698,0.034
2004,4,14.679,0.036
2004,5,15.386,0.036
2004,6,16.113,0.037
2004,7,16.211,0.035
2004,8,16.261,0.052
2004,9,15.751,0.047
2004,10,14.887,0.036
2004,11,13.936,0.039
2004,12,13.052,0.051
2005,1,13.029,0.04
2005,2,13.129,0.038
2005,3,13.845,0.042
2005,4,14.74,0.04
2005,5,15.657,0.039
2005,6,16.37,0.039
2005,7,16.567,0.035
2005,8,16.431,0.043
2005,9,15.946,0.044
2005,10,15.079,0.037
2005,11,13.962,0.043
2005,12,13.269,0.043
2006,1,12.882,0.047
2006,2,13.273,0.039
2006,3,13.76,0.038
2006,4,14.592,0.04
2006,5,15.514,0.035
2006,6,16.347,0.036
2006,7,16.429,0.035
2006,8,16.532999999999998,0.039
2006,9,15.844,0.051
2006,10,14.96,0.041
2006,11,13.941,0.04
2006,12,13.339,0.035
2007,1,13.224,0.033
2007,2,13.209999999999999,0.032
2007,3,13.761000000000001,0.037
2007,4,14.857000000000001,0.035
2007,5,15.67,0.036
2007,6,16.29,0.034
2007,7,16.602,0.037
2007,8,16.43,0.041
2007,9,15.812,0.035
2007,10,14.894,0.045
2007,11,13.831,0.037
2007,12,13.015,0.037
2008,1,12.544,0.043
2008,2,12.809999999999999,0.036
2008,3,13.749,0.042
2008,4,14.581000000000001,0.041
2008,5,15.527,0.029
2008,6,16.186,0.048
2008,7,16.535999999999998,0.036
2008,8,16.277,0.032
2008,9,15.879,0.05
2008,10,14.97,0.047
2008,11,13.907,0.034
2008,12,13.095,0.036
2009,1,12.949,0.034
2009,2,13.033,0.035
2009,3,13.585,0.043
2009,4,14.636000000000001,0.044
2009,5,15.623,0.05
2009,6,16.371,0.037
2009,7,16.743,0.04
2009,8,16.53,0.03
2009,9,15.94,0.033
2009,10,14.975999999999999,0.038
2009,11,14.019,0.044
2009,12,13.279,0.04
2010,1,13.061,0.036
2010,2,13.354,0.041
2010,3,13.99,0.039
2010,4,14.96,0.034
2010,5,15.767,0.032
2010,6,16.366,0.034
2010,7,16.564999999999998,0.033
2010,8,16.485,0.036
2010,9,15.879999999999999,0.047
2010,10,15.003,0.043
2010,11,14.014000000000001,0.043
2010,12,13.068,0.045
2011,1,12.846,0.041
2011,2,13.017,0.049
2011,3,13.761000000000001,0.039
2011,4,14.696000000000002,0.038
2011,5,15.539,0.047
2011,6,16.35,0.038
2011,7,16.737,0.038
2011,8,16.595,0.042
2011,9,15.792,0.044
2011,10,14.924,0.039
2011,11,13.802,0.055
2011,12,13.138,0.041
2012,1,12.715,0.045
2012,2,12.972,0.053
2012,3,13.579,0.052
2012,4,14.754000000000001,0.046
2012,5,15.769,0.039
2012,6,16.364,0.052
2012,7,16.528,0.043
2012,8,16.528,0.04
2012,9,15.972999999999999,0.04
2012,10,15.106,0.056
2012,11,14.041,0.053
2012,12,13.105,0.05
2013,1,12.973,0.045
2013,2,13.051,0.034
2013,3,13.747,0.041
2013,4,14.618,0.042
2013,5,15.631,0.035
2013,6,16.349,0.041
2013,7,16.538999999999998,0.04
2013,8,16.509999999999998,0.042
2013,9,15.988,0.044
2013,10,14.956,0.052
2013,11,14.072000000000001,0.053
2013,12,13.234,0.054
2014,1,13.022,0.042
2014,2,13.024999999999999,0.054
2014,3,13.844000000000001,0.052
2014,4,14.836,0.042
2014,5,15.850999999999999,0.045
2014,6,16.351,0.043
2014,7,16.538,0.039
2014,8,16.674,0.042
2014,9,16.128,0.038
2014,10,15.107,0.048
2014,11,13.866,0.042
2014,12,13.307,0.045
2015,1,13.098,0.042
2015,2,13.334999999999999,0.04
2015,3,13.972000000000001,0.035
2015,4,14.841000000000001,0.047
2015,5,15.812999999999999,0.037
2015,6,16.496,0.041
2015,7,16.691,0.031
2015,8,16.653,0.036
2015,9,16.087,0.039
2015,10,15.349,0.043
2015,11,14.26,0.038
2015,12,13.688,0.036
2016,1,13.486,0.045
2016,2,13.773,0.042
2016,3,14.384,0.04
2016,4,15.153,0.037
2016,5,15.997,0.031
2016,6,16.502,0.035
2016,7,16.793,0.039
2016,8,16.82,0.029
2016,9,16.117,0.034
2016,10,15.214,0.046
2016,11,14.196,0.048
2016,12,13.471,0.041
2017,1,13.322000000000001,0.037
2017,2,13.617999999999999,0.05
2017,3,14.279,0.04
2017,4,15.020000000000001,0.039
2017,5,15.931999999999999,0.031
2017,6,16.397,0.036
2017,7,16.766,0.03
2017,8,16.683,0.032
2017,9,15.975999999999999,0.043
2017,10,15.178,0.051
2017,11,14.091000000000001,0.044
2017,12,13.488,0.043
2018,1,13.109,0.036
2018,2,13.360999999999999,0.042
2018,3,13.986,0.041
2018,4,14.963000000000001,0.039
2018,5,15.796999999999999,0.036
2018,6,16.471,0.042
2018,7,16.761,0.034
2018,8,16.608999999999998,0.034
2018,9,16.003999999999998,0.044
2018,10,15.269,0.054
2018,11,14.062000000000001,0.045
2018,12,13.48,0.038
2019,1,13.188,0.036
2019,2,13.427,0.037
2019,3,14.274000000000001,0.038
2019,4,15.088000000000001,0.035
2019,5,15.873999999999999,0.036
2019,6,16.553,0.035
2019,7,16.901,0.036
2019,8,16.781,0.042
2019,9,16.139,0.043
2019,10,15.368,0.044
2019,11,14.251000000000001,0.043
2019,12,13.662,0.036
2020,1,13.439,0.036
2020,2,13.666,0.038
2020,3,14.234,0.045
2020,4,15.204,0.04
2020,5,15.991,0.035
2020,6,16.585,0.033
2020,7,16.881999999999998,0.036
2020,8,16.733999999999998,0.042
2020,9,16.204,0.039
2020,10,15.185,0.044
2020,11,14.329,0.039
2020,12,13.366,0.038
2021,1,13.128,0.039
2021,2,13.134,0.045
2021,3,13.923,0.045
2021,4,14.850000000000001,0.036
2021,5,15.814,0.036
2021,6,16.506,0.035
2021,7,16.857,0.039
2021,8,16.686999999999998,0.036
2021,9,16.18,0.037
2021,10,15.316,0.046
2021,11,14.173,0.043
2021,12,13.391,0.04
2022,1,13.183,0.032
2022,2,13.328999999999999,0.042
2022,3,14.136000000000001,0.042
2022,4,14.899000000000001,0.037
2022,5,15.837,0.037
2022,6,16.633,0.037
2022,7,16.878999999999998,0.038
2022,8,16.758,0.038
2022,9,16.113,0.041
2022,10,15.298,0.048
2022,11,13.97,0.042
2022,12,13.437,0.046
2023,1,13.159,0.046
2023,2,13.421999999999999,0.041
2023,3,14.326,0.039
2023,4,15.056000000000001,0.035
2023,5,15.943999999999999,0.038
2023,6,16.792,0.035
2023,7,17.216,0.047
2023,8,17.092,0.047
2023,9,16.736,0.04
2023,10,15.644,0.046
2023,11,14.642,0.05
2023,12,13.929,0.045
