Rk,Player,Pos,Age,Tm,G,MP,FGP,Distance,2P,0-3,3-10,10-16,16-3P,3P,3PA,2PA,FGA,FT,FTA,FT%,ORB,DRB,TRB,AST,STL,BLK,TOV,PF,PTS
1,Precious Achiuwa,C,22,TOR,73,1725,0.439,10.2,0.468,0.614,0.345,0.373,0.19,0.359,156,447,603,78,131,0.595,146,327,473,82,37,41,84,151,664
2,Steven Adams,C,28,MEM,76,1999,0.547,2.9,0.548,0.632,0.35,0.438,0,0,1,383,384,108,199,0.543,349,411,760,256,65,60,115,153,528
3,Bam Adebayo,C,24,MIA,56,1825,0.557,7,0.562,0.771,0.467,0.404,0.313,0,6,723,729,256,340,0.753,137,427,564,190,80,44,148,171,1068
4,Santi Aldama,PF,21,MEM,32,360,0.402,12,0.56,0.682,0.444,0.417,0,0.125,48,84,132,20,32,0.625,33,54,87,21,6,10,16,36,132
5,LaMarcus Aldridge,C,36,BRK,47,1050,0.55,12.3,0.578,0.729,0.513,0.509,0.563,0.304,46,412,458,89,102,0.873,73,185,258,42,14,47,44,78,607
6,Nickeil Alexander-Walker,SG,23,TOT,65,1466,0.372,15.8,0.433,0.579,0.318,0.375,0.282,0.311,338,342,680,81,109,0.743,37,150,187,156,46,23,93,103,692
6,Nickeil Alexander-Walker,SG,23,NOP,50,1317,0.375,15.6,0.434,0.584,0.333,0.362,0.263,0.311,305,327,632,70,97,0.722,36,128,164,139,41,19,85,88,639
6,Nickeil Alexander-Walker,SG,23,UTA,15,149,0.333,18.4,0.4,0.5,0,1,1,0.303,33,15,48,11,12,0.917,1,22,23,17,5,4,8,15,53
7,Grayson Allen,SG,26,MIL,66,1805,0.448,19.2,0.533,0.678,0.4,0.37,0.375,0.409,389,180,569,64,74,0.865,32,190,222,100,46,18,43,96,733
8,Jarrett Allen,C,23,CLE,56,1810,0.677,3.8,0.688,0.809,0.469,0.48,0.6,0.1,10,535,545,165,233,0.708,192,410,602,92,44,75,94,97,904
9,Jose Alvarado,PG,23,NOP,54,834,0.446,13.6,0.538,0.609,0.507,0.483,0.462,0.291,110,184,294,36,53,0.679,25,75,100,152,71,7,40,73,330
10,Justin Anderson,SF,28,TOT,16,316,0.379,18.9,0.583,0.714,0.444,0.25,0.667,0.254,59,36,95,15,19,0.789,4,42,46,33,8,6,8,22,102
10,Justin Anderson,SF,28,CLE,3,47,0.5,22,1,1,,,1,0.333,6,2,8,3,4,0.75,0,6,6,6,1,0,2,4,13
10,Justin Anderson,SF,28,IND,13,269,0.368,18.6,0.559,0.692,0.444,0.25,0.625,0.245,53,34,87,12,15,0.8,4,36,40,27,7,6,6,18,89
11,Kyle Anderson,PF,28,MEM,69,1484,0.446,10.7,0.481,0.641,0.437,0.333,0.238,0.33,109,360,469,67,105,0.638,69,299,368,183,77,45,71,108,521
12,Giannis Antetokounmpo,PF,27,MIL,67,2204,0.553,10,0.616,0.808,0.421,0.416,0.431,0.293,242,1003,1245,553,766,0.722,134,644,778,388,72,91,219,212,2002
13,Thanasis Antetokounmpo,SF,29,MIL,48,473,0.547,5.3,0.596,0.686,0.318,0.2,1,0.143,14,114,128,29,46,0.63,40,61,101,22,16,12,26,68,171
14,Carmelo Anthony,PF,37,LAL,69,1793,0.441,19.1,0.521,0.671,0.417,0.5,0.484,0.375,397,326,723,132,159,0.83,62,226,288,68,47,52,59,166,919
15,Cole Anthony,PG,21,ORL,65,2059,0.391,16.2,0.432,0.59,0.385,0.448,0.305,0.338,391,521,912,216,253,0.854,32,316,348,369,46,17,170,171,1062
16,OG Anunoby,SF,24,TOR,48,1728,0.443,15.1,0.511,0.689,0.356,0.393,0.278,0.363,317,380,697,89,118,0.754,74,190,264,125,71,25,80,131,822
17,Ryan Arcidiacono,PG,27,NYK,10,76,0.5,21.5,0.667,,1,0.5,,0.444,9,3,12,0,0,,0,8,8,4,1,0,3,5,16
18,Trevor Ariza,SF,36,LAL,24,462,0.333,19.3,0.52,0.688,0.25,0,,0.27,74,25,99,10,18,0.556,10,72,82,27,13,6,11,20,96
19,D.J. Augustin,PG,34,TOT,55,883,0.423,20.3,0.448,0.586,0.368,0.25,0.167,0.415,164,58,222,38,43,0.884,11,57,68,107,17,1,56,39,294
19,D.J. Augustin,PG,34,HOU,34,510,0.404,19.8,0.4,0.545,0.3,0,0.2,0.406,96,40,136,33,38,0.868,7,34,41,74,10,0,45,17,182
19,D.J. Augustin,PG,34,LAL,21,373,0.453,21.1,0.556,0.714,0.444,1,0,0.426,68,18,86,5,5,1,4,23,27,33,7,1,11,22,112
20,Deni Avdija,SF,21,WAS,82,1984,0.432,14.4,0.525,0.633,0.464,0.435,0.389,0.317,259,320,579,103,136,0.757,52,373,425,167,59,44,87,190,685
21,Joel Ayayi,SG,21,WAS,7,20,0.167,12.6,0.2,0,0,1,0,0,1,5,6,0,0,,1,2,3,4,0,0,0,0,2
22,Deandre Ayton,C,23,PHO,58,1713,0.634,7,0.642,0.793,0.588,0.555,0.415,0.368,19,678,697,106,142,0.746,149,444,593,84,40,40,91,142,997
23,Udoka Azubuike,C,22,UTA,17,195,0.755,2.8,0.755,0.824,0.643,0,,,0,49,49,6,11,0.545,18,53,71,0,1,11,12,25,80
24,Marvin Bagley III,PF,22,TOT,48,1153,0.504,9.2,0.579,0.795,0.457,0.306,0.2,0.237,97,349,446,67,101,0.663,105,233,338,36,22,18,39,93,540
24,Marvin Bagley III,PF,22,SAC,30,663,0.463,10,0.538,0.718,0.442,0.375,0.333,0.242,62,184,246,35,47,0.745,67,148,215,17,9,11,21,50,278
24,Marvin Bagley III,PF,22,DET,18,490,0.555,8.1,0.624,0.867,0.474,0.167,0,0.229,35,165,200,32,54,0.593,38,85,123,19,13,7,18,43,262
25,LaMelo Ball,PG,20,CHO,75,2422,0.429,15.9,0.462,0.582,0.398,0.389,0.37,0.389,565,689,1254,212,243,0.872,108,393,501,571,119,30,245,237,1508
26,Lonzo Ball,PG,24,CHI,35,1212,0.423,19.9,0.423,0.61,0.333,0.273,0.167,0.423,260,123,383,21,28,0.75,35,155,190,178,64,31,82,85,455
27,Mo Bamba,C,23,ORL,71,1824,0.48,14.3,0.563,0.727,0.433,0.286,0.314,0.381,281,336,617,57,73,0.781,148,424,572,85,38,118,77,182,756
28,Desmond Bane,SG,23,MEM,76,2266,0.461,16.8,0.484,0.669,0.384,0.438,0.413,0.436,523,578,1101,140,155,0.903,46,288,334,208,92,29,111,196,1384
29,Dalano Banton,PG,22,TOR,64,696,0.411,11,0.464,0.612,0.362,0.292,0.385,0.255,51,151,202,26,44,0.591,38,86,124,99,28,10,53,68,205
30,Cat Barber,PG,27,ATL,3,13,0,9.6,0,0,,,0,,0,4,4,0,4,0,1,2,3,3,0,0,1,1,0
31,Harrison Barnes,PF,29,SAC,77,2580,0.469,13.5,0.525,0.682,0.403,0.471,0.5,0.394,360,474,834,341,413,0.826,82,350,432,186,53,14,118,94,1265
32,Scottie Barnes,PF,20,TOR,74,2617,0.492,10.9,0.543,0.711,0.502,0.398,0.378,0.301,193,739,932,158,215,0.735,195,362,557,256,80,55,136,192,1134
33,RJ Barrett,SF,21,NYK,70,2417,0.408,12,0.442,0.596,0.307,0.309,0.3,0.342,404,790,1194,290,406,0.714,66,342,408,208,43,16,151,142,1402
34,Will Barton,SG,31,DEN,71,2277,0.438,16,0.504,0.701,0.398,0.433,0.359,0.365,430,466,896,102,127,0.803,44,296,340,276,55,31,127,114,1043
35,Paris Bass,SF,26,PHO,2,7,0.333,11.7,0.5,1,0,,,0,2,4,6,2,2,1,2,2,4,0,1,0,2,2,6
36,Charles Bassey,C,21,PHI,23,168,0.638,5.6,0.698,0.741,0.7,0.6,0,0,4,43,47,9,12,0.75,22,40,62,7,5,17,8,32,69
37,Keita Bates-Diop,SF,26,SAS,59,957,0.517,8.4,0.572,0.682,0.385,0.5,0.25,0.309,55,208,263,46,61,0.754,62,169,231,41,27,14,45,61,335
38,Nicolas Batum,PF,33,LAC,59,1463,0.463,20.2,0.607,0.809,0.412,0.636,0.387,0.4,270,117,387,25,38,0.658,29,225,254,100,58,42,40,80,491
39,Kent Bazemore,SF,32,LAL,39,545,0.324,18.1,0.271,0.333,0.308,0.125,0.214,0.363,80,59,139,13,17,0.765,13,56,69,34,25,9,21,70,132
40,Darius Bazley,PF,21,OKC,69,1924,0.422,12.7,0.511,0.613,0.405,0.571,0.182,0.297,269,380,649,117,170,0.688,71,365,436,97,58,70,90,68,745
41,Bradley Beal,SG,28,WAS,40,1439,0.451,13.1,0.508,0.697,0.407,0.47,0.458,0.3,210,561,771,169,203,0.833,38,151,189,265,36,15,135,95,928
42,Malik Beasley,SG,25,MIN,79,1976,0.391,20.8,0.432,0.587,0.357,0.341,0.342,0.377,637,213,850,49,60,0.817,26,201,227,116,43,12,43,88,953
43,Jordan Bell,C,27,CHI,1,2,,,,,,,,,0,0,0,0,0,,1,0,1,0,1,0,0,2,0
44,DeAndre' Bembry,SF,27,TOT,56,1026,0.561,6.2,0.589,0.667,0.418,,0,0.417,36,185,221,21,35,0.6,42,121,163,66,49,25,31,113,284
44,DeAndre' Bembry,SF,27,BRK,48,949,0.568,6.2,0.599,0.68,0.418,,,0.417,36,177,213,21,35,0.6,38,114,152,60,47,25,30,104,278
44,DeAndre' Bembry,SF,27,MIL,8,77,0.375,4.4,0.375,0.429,,,0,,0,8,8,0,0,,4,7,11,6,2,0,1,9,6
45,Dāvis Bertāns,PF,29,TOT,56,806,0.36,23,0.489,0.611,0.421,0,0.75,0.335,230,45,275,36,40,0.9,12,105,117,31,17,12,19,85,311
45,Dāvis Bertāns,PF,29,WAS,34,501,0.351,23.6,0.519,0.667,0.545,0,0.667,0.319,144,27,171,28,30,0.933,6,55,61,16,11,6,14,55,194
45,Dāvis Bertāns,PF,29,DAL,22,306,0.375,22.1,0.444,0.556,0.25,,1,0.36,86,18,104,8,10,0.8,6,50,56,15,6,6,5,30,117
46,Patrick Beverley,PG,33,MIN,58,1476,0.406,16.6,0.485,0.568,0.433,0.545,0.125,0.343,242,194,436,96,133,0.722,62,178,240,268,67,52,73,174,533
47,Saddiq Bey,SF,22,DET,82,2704,0.396,17.4,0.454,0.619,0.348,0.329,0.429,0.346,610,526,1136,210,254,0.827,107,334,441,233,73,16,96,128,1321
48,Khem Birch,C,29,TOR,55,991,0.485,6.4,0.522,0.593,0.5,0.406,0,0,14,186,200,53,71,0.746,122,117,239,56,30,26,29,104,247
49,Goga Bitadze,C,22,IND,50,729,0.52,10.4,0.628,0.737,0.409,0.375,0,0.288,80,172,252,64,94,0.681,79,98,177,55,21,42,46,107,349
50,Bismack Biyombo,C,29,PHO,36,506,0.593,4.3,0.593,0.747,0.474,0.25,0,,0,145,145,38,71,0.535,63,104,167,23,12,26,25,70,210
51,Nemanja Bjelica,C,33,GSW,71,1143,0.468,14.1,0.549,0.674,0.438,0.5,0.429,0.362,149,193,342,59,81,0.728,62,232,294,159,41,26,87,128,433
52,Eric Bledsoe,PG,32,LAC,54,1361,0.421,14.2,0.479,0.611,0.462,0.44,0.286,0.313,163,305,468,89,117,0.761,28,154,182,225,69,19,116,85,534
53,Keljin Blevins,SF,26,POR,31,349,0.306,18.4,0.333,0.391,0.286,0,0.333,0.292,72,39,111,6,11,0.545,16,29,45,19,13,1,17,29,95
54,Bogdan Bogdanović,SG,29,ATL,63,1848,0.431,18.6,0.516,0.622,0.44,0.523,0.471,0.368,459,335,794,97,115,0.843,29,221,250,194,68,14,70,132,950
55,Bojan Bogdanović,PF,32,UTA,69,2131,0.455,15.6,0.524,0.684,0.483,0.41,0.286,0.387,468,460,928,223,260,0.858,58,238,296,120,34,1,118,116,1248
56,Bol Bol,PF,22,DEN,14,81,0.556,10.6,0.609,0.875,0.8,0.375,0,0.25,4,23,27,2,5,0.4,4,16,20,5,1,2,4,4,33
57,Leandro Bolmaro,SF,21,MIN,35,241,0.315,13.7,0.333,0.474,0.167,0.5,0,0.278,18,36,54,11,13,0.846,16,27,43,21,6,0,13,26,50
58,Isaac Bonga,SF,22,TOR,15,69,0.231,11,0.222,0.2,0.333,,0,0.25,4,9,13,5,8,0.625,4,3,7,4,8,2,2,10,12
59,Devin Booker,SG,25,PHO,68,2345,0.466,16.1,0.508,0.694,0.476,0.469,0.469,0.383,478,943,1421,315,363,0.868,45,297,342,329,77,26,162,180,1822
60,Brandon Boston Jr.,SG,20,LAC,51,760,0.385,14.7,0.425,0.631,0.122,0.45,0.306,0.306,111,214,325,59,72,0.819,17,94,111,51,26,13,31,43,343
61,Chris Boucher,SF,29,TOR,80,1690,0.464,12.1,0.575,0.661,0.4,0.4,0.2,0.297,229,348,577,150,193,0.777,179,315,494,25,49,75,42,174,754
62,James Bouknight,SG,21,CHO,31,304,0.348,12,0.348,0.553,0.147,0,0.2,0.347,49,92,141,27,31,0.871,22,30,52,26,7,1,15,29,142
63,Avery Bradley,SG,31,LAL,62,1406,0.423,18.1,0.471,0.604,0.281,0.483,0.452,0.39,210,140,350,16,18,0.889,31,105,136,47,53,9,38,118,394
64,Tony Bradley,C,24,CHI,55,549,0.585,3.9,0.585,0.649,0.484,0.375,0.571,,0,123,123,19,29,0.655,67,119,186,27,10,33,34,62,163
65,Ignas Brazdeikis,SF,23,ORL,42,536,0.431,14,0.535,0.636,0.421,0.2,0.667,0.31,87,101,188,21,32,0.656,23,49,72,37,10,3,17,48,210
66,Mikal Bridges,SF,25,PHO,82,2854,0.534,13.3,0.628,0.795,0.619,0.507,0.256,0.369,312,546,858,131,157,0.834,74,273,347,185,96,36,68,150,1162
67,Miles Bridges,PF,23,CHO,80,2837,0.491,12.4,0.59,0.723,0.412,0.458,0.343,0.331,465,749,1214,267,333,0.802,90,469,559,300,74,67,150,193,1613
68,Oshae Brissett,SF,23,IND,67,1564,0.411,13.9,0.465,0.582,0.299,0.167,0.267,0.35,237,269,506,114,164,0.695,108,250,358,72,44,29,54,116,613
69,Malcolm Brogdon,PG,29,IND,36,1206,0.448,13.2,0.518,0.632,0.452,0.411,0.405,0.312,186,357,543,143,167,0.856,33,152,185,212,30,14,77,71,687
70,Armoni Brooks,SG-PG,23,TOT,54,844,0.339,23.4,0.6,0.708,0.6,0,0.333,0.297,249,40,289,18,21,0.857,20,83,103,62,28,11,27,74,288
70,Armoni Brooks,SG,23,HOU,41,690,0.347,23.2,0.605,0.739,0.556,0,0.333,0.3,213,38,251,16,19,0.842,12,69,81,49,21,8,23,60,254
70,Armoni Brooks,PG,23,TOR,13,154,0.289,24.7,0.5,0,1,,,0.278,36,2,38,2,2,1,8,14,22,13,7,3,4,14,34
71,Dillon Brooks,SF,26,MEM,32,885,0.432,13.3,0.48,0.68,0.389,0.398,0.467,0.309,149,377,526,90,106,0.849,29,73,102,88,36,8,50,105,590
72,Bruce Brown,SF,25,BRK,72,1774,0.506,8.4,0.529,0.693,0.379,0.404,0.125,0.404,94,412,506,97,128,0.758,100,245,345,148,77,52,56,176,647
73,Charlie Brown Jr.,SG,24,TOT,22,178,0.256,11,0.333,0.467,0.25,0,0,0.083,12,27,39,9,10,0.9,14,18,32,6,10,4,5,18,30
73,Charlie Brown Jr.,SG,24,DAL,3,15,0.2,17.2,0.5,1,,0,,0,3,2,5,0,0,,0,1,1,1,2,1,0,2,2
73,Charlie Brown Jr.,SG,24,PHI,19,162,0.265,10,0.32,0.429,0.25,0,0,0.111,9,25,34,9,10,0.9,14,17,31,5,8,3,5,16,28
74,Chaundee Brown Jr.,SG-SF,23,TOT,5,104,0.313,17.9,0.286,0.5,0,0.2,,0.333,18,14,32,5,6,0.833,1,15,16,4,2,0,1,7,31
74,Chaundee Brown Jr.,SF,23,LAL,2,21,0.143,13.2,0.25,0.5,0,0,,0,3,4,7,0,0,,0,2,2,0,0,0,1,0,2
74,Chaundee Brown Jr.,SG,23,ATL,3,83,0.36,19.2,0.3,0.5,0,0.25,,0.4,15,10,25,5,6,0.833,1,13,14,4,2,0,0,7,29
75,Greg Brown III,SF,20,POR,48,640,0.426,10.7,0.481,0.635,0.2,0.333,0.091,0.311,61,129,190,44,65,0.677,38,97,135,35,26,24,36,90,225
76,Jaylen Brown,SF,25,BOS,66,2220,0.473,14.5,0.544,0.765,0.425,0.474,0.441,0.358,464,753,1217,241,318,0.758,53,351,404,231,70,18,178,163,1559
77,Moses Brown,C,22,TOT,40,344,0.593,2.5,0.593,0.642,0.48,0,0,,0,108,108,43,72,0.597,39,96,135,1,7,16,20,53,171
77,Moses Brown,C,22,DAL,26,169,0.54,2.3,0.54,0.59,0.4,0,,,0,50,50,27,43,0.628,16,45,61,1,3,9,14,28,81
77,Moses Brown,C,22,CLE,14,176,0.638,2.6,0.638,0.69,0.533,,0,,0,58,58,16,29,0.552,23,51,74,0,4,7,6,25,90
78,Sterling Brown,SG,26,DAL,49,628,0.381,17.1,0.492,0.625,0.278,0.333,0.571,0.304,92,63,155,14,15,0.933,26,123,149,34,14,7,23,56,160
79,Troy Brown Jr.,SF,22,CHI,66,1055,0.419,15,0.488,0.562,0.412,0.143,0.455,0.353,133,125,258,20,26,0.769,39,164,203,66,36,5,26,62,283
80,Jalen Brunson,SG,25,DAL,79,2524,0.502,13.1,0.545,0.703,0.524,0.518,0.449,0.373,252,756,1008,179,213,0.84,43,266,309,377,66,3,124,151,1285
81,Thomas Bryant,C,24,WAS,27,439,0.52,11.5,0.613,0.754,0.48,0.2,0.474,0.286,42,106,148,35,40,0.875,26,82,108,23,6,21,19,43,201
82,Shaq Buchanan,SG,25,MEM,2,10,0.25,13.6,0.5,0.5,,,,0,2,2,4,0,0,,1,1,2,2,1,0,2,1,2
83,Reggie Bullock,SF,30,DAL,68,1902,0.401,20.9,0.55,0.688,0.292,0.688,0.429,0.36,392,109,501,40,48,0.833,33,208,241,83,41,14,40,111,583
84,Trey Burke,PG,29,DAL,42,441,0.391,17,0.436,0.714,0.429,0.444,0.32,0.317,82,133,215,20,23,0.87,4,29,33,57,12,0,26,39,214
85,Alec Burks,SG,30,NYK,81,2318,0.391,17.4,0.378,0.444,0.342,0.358,0.375,0.404,389,339,728,217,264,0.822,47,350,397,239,85,26,91,215,944
86,Jared Butler,SG,21,UTA,42,360,0.404,18.4,0.524,0.6,0.429,0.6,0.75,0.318,88,63,151,11,16,0.688,5,40,45,63,17,8,33,47,161
87,Jimmy Butler,SF,32,MIA,57,1931,0.48,9.6,0.52,0.701,0.415,0.457,0.339,0.233,116,713,829,396,455,0.87,102,234,336,312,94,27,121,88,1219
88,Devontae Cacok,PF,25,SAS,15,121,0.677,4.6,0.677,0.833,0.533,0.75,,,0,31,31,4,7,0.571,8,34,42,6,8,7,3,16,46
89,Kentavious Caldwell-Pope,SG,28,WAS,77,2329,0.435,18.1,0.48,0.678,0.361,0.43,0.469,0.39,408,421,829,137,154,0.89,41,220,261,145,83,26,97,139,1018
90,Facundo Campazzo,PG,30,DEN,65,1184,0.361,19.4,0.476,0.614,0.381,0.25,0.6,0.301,193,103,296,60,78,0.769,23,94,117,220,63,23,67,124,332
91,Vlatko Čančar,PF,24,DEN,15,176,0.561,10.6,0.552,0.75,0.375,0.25,0,0.583,12,29,41,9,14,0.643,8,23,31,17,2,3,9,18,62
92,Devin Cannady,PG,25,ORL,5,145,0.341,22.5,0,0,0,0,0,0.405,37,7,44,5,7,0.714,1,5,6,10,5,3,5,9,50
93,Clint Capela,C,27,ATL,74,2042,0.613,2.2,0.614,0.684,0.382,0.5,0,0,1,603,604,80,169,0.473,279,598,877,92,55,93,44,166,820
94,Vernon Carey Jr.,C,20,TOT,7,44,0.538,8.2,0.538,0.75,,0,0.25,,0,13,13,6,13,0.462,8,4,12,0,2,1,3,4,20
94,Vernon Carey Jr.,C,20,CHO,4,17,0.5,7.6,0.5,0.75,,,0,,0,6,6,2,3,0.667,3,2,5,0,1,0,1,1,8
94,Vernon Carey Jr.,C,20,WAS,3,27,0.571,8.6,0.571,0.75,,0,0.5,,0,7,7,4,10,0.4,5,2,7,0,1,1,2,3,12
95,Jevon Carter,PG,26,TOT,66,905,0.387,21.2,0.386,0.429,0.273,0.471,0.366,0.388,170,83,253,15,18,0.833,14,96,110,96,24,14,34,67,277
95,Jevon Carter,PG,26,BRK,46,552,0.333,22.2,0.34,0.143,0.25,0.4,0.385,0.331,127,47,174,7,10,0.7,9,58,67,46,14,10,26,45,165
95,Jevon Carter,PG,26,MIL,20,353,0.506,18.9,0.444,0.714,0.286,0.571,0.333,0.558,43,36,79,8,8,1,5,38,43,50,10,4,8,22,112
96,Wendell Carter Jr.,PF,22,ORL,62,1852,0.525,12.1,0.615,0.781,0.457,0.478,0.462,0.327,214,470,684,143,207,0.691,139,509,648,171,36,43,117,169,931
97,Alex Caruso,SG,27,CHI,41,1147,0.398,15.4,0.462,0.591,0.324,0.364,0.313,0.333,126,130,256,58,73,0.795,33,115,148,165,71,15,57,106,304
98,Willie Cauley-Stein,C,28,TOT,20,183,0.457,5.3,0.455,0.545,0.143,1,0,0.5,2,33,35,1,2,0.5,13,27,40,10,6,3,7,19,34
98,Willie Cauley-Stein,C,28,DAL,18,177,0.457,5.3,0.455,0.545,0.143,1,0,0.5,2,33,35,1,2,0.5,13,25,38,9,6,3,7,17,34
98,Willie Cauley-Stein,C,28,PHI,2,6,,,,,,,,,0,0,0,0,0,,0,2,2,1,0,0,0,2,0
99,Ahmad Caver,SG,25,IND,1,1,1,1.8,1,1,,,,,0,1,1,0,0,,0,0,0,0,0,0,0,0,2
100,Justin Champagnie,SF,20,TOR,36,281,0.463,11.7,0.538,0.625,0.429,0,,0.357,28,39,67,9,9,1,37,35,72,11,8,4,8,32,81
101,Zylan Cheatham,SF,26,UTA,1,5,0,17.2,0,0,,,,0,2,1,3,0,0,,0,0,0,0,0,0,0,0,0
102,Chris Chiozza,PG,26,GSW,34,372,0.296,19.4,0.25,0.222,0.273,0,0.5,0.321,53,28,81,2,3,0.667,9,27,36,65,13,0,32,32,67
103,Marquese Chriss,PF,24,DAL,34,346,0.463,7.8,0.495,0.592,0.265,1,0.5,0.32,25,109,134,22,33,0.667,33,70,103,17,13,12,17,64,154
104,Josh Christopher,SG,20,HOU,74,1334,0.448,13.3,0.54,0.647,0.532,0.333,0.2,0.296,189,311,500,83,113,0.735,52,134,186,150,65,13,114,97,587
105,Gary Clark,PF,27,NOP,38,378,0.375,20.1,0.278,0.125,0.444,0,,0.4,70,18,88,7,10,0.7,23,67,90,18,13,7,10,20,101
106,Brandon Clarke,PF,25,MEM,64,1246,0.644,5.4,0.666,0.775,0.568,0.462,0.571,0.227,22,425,447,85,130,0.654,135,207,342,86,39,68,34,122,666
107,Jordan Clarkson,SG,29,UTA,79,2141,0.419,16.9,0.535,0.627,0.515,0.554,0.25,0.318,597,516,1113,144,174,0.828,67,206,273,194,66,16,129,149,1266
108,Nic Claxton,C,22,BRK,47,974,0.674,2.5,0.674,0.815,0.347,0.4,,,0,264,264,54,93,0.581,91,173,264,43,24,51,38,110,410
109,Amir Coffey,SG,24,LAC,69,1567,0.453,16.8,0.542,0.779,0.449,0.417,0.238,0.378,254,212,466,101,117,0.863,26,171,197,124,38,15,45,87,619
110,John Collins,PF,24,ATL,54,1663,0.526,11,0.588,0.753,0.463,0.439,0.4,0.364,176,468,644,134,169,0.793,93,329,422,98,33,56,60,164,876
111,Zach Collins,C,24,SAS,28,502,0.49,11,0.544,0.756,0.347,0.5,0.6,0.341,41,114,155,52,65,0.8,46,107,153,61,13,23,45,67,218
112,Darren Collison,PG,34,LAL,3,37,0.286,16.1,0.5,1,,,0,0,3,4,7,0,0,,0,4,4,2,1,0,1,5,4
113,Mike Conley,PG,34,UTA,72,2058,0.435,17.1,0.464,0.559,0.453,0.442,0.4,0.408,414,377,791,129,162,0.796,47,170,217,385,96,21,123,142,986
114,Pat Connaughton,SF,29,MIL,65,1691,0.458,20.2,0.643,0.725,0.5,0.636,0,0.395,370,126,496,45,54,0.833,45,228,273,82,59,15,35,86,645
115,Tyler Cook,PF,24,CHI,20,200,0.605,2.2,0.605,0.692,0.417,,,,0,38,38,21,32,0.656,16,37,53,3,4,4,7,28,67
116,Sharife Cooper,PG,20,ATL,13,39,0.214,11.6,0.25,0.143,1,,,0.167,6,8,14,0,0,,0,5,5,5,0,0,5,1,7
117,Petr Cornelie,PF,26,DEN,13,38,0.333,15.9,0.571,0.6,1,,0,0.125,8,7,15,3,4,0.75,7,7,14,3,1,1,4,7,14
118,DeMarcus Cousins,C,31,TOT,48,717,0.46,12.1,0.554,0.65,0.452,0.2,0.286,0.303,122,202,324,95,125,0.76,74,196,270,71,35,21,85,139,430
118,DeMarcus Cousins,C,31,MIL,17,287,0.466,12.2,0.6,0.674,0.5,0,0,0.271,48,70,118,31,38,0.816,24,74,98,18,16,8,16,46,154
118,DeMarcus Cousins,C,31,DEN,31,431,0.456,12,0.53,0.634,0.431,0.25,0.333,0.324,74,132,206,64,87,0.736,50,122,172,53,19,13,69,93,276
119,Robert Covington,PF,31,TOT,71,1939,0.42,18.8,0.509,0.659,0.333,0.273,0.444,0.378,339,159,498,58,69,0.841,59,332,391,92,103,91,75,190,604
119,Robert Covington,PF,31,POR,48,1431,0.381,18.9,0.462,0.6,0.324,0.286,0.286,0.343,230,106,336,30,36,0.833,41,233,274,68,74,63,58,132,365
119,Robert Covington,PF,31,LAC,23,509,0.5,18.7,0.604,0.767,0.353,0.25,1,0.45,109,53,162,28,33,0.848,18,99,117,24,29,28,17,58,239
120,Torrey Craig,SF,31,TOT,78,1596,0.454,16,0.594,0.725,0.532,0.4,0.333,0.329,234,207,441,39,52,0.75,86,224,310,91,46,36,67,151,516
120,Torrey Craig,SF,31,IND,51,1034,0.456,15.2,0.573,0.712,0.5,0.375,0.313,0.333,138,143,281,27,35,0.771,59,136,195,58,24,19,39,95,329
120,Torrey Craig,SF,31,PHO,27,562,0.45,17.2,0.641,0.759,0.583,0.444,0.5,0.323,96,64,160,12,17,0.706,27,88,115,33,22,17,28,56,187
121,Jae Crowder,PF,31,PHO,67,1886,0.399,20.8,0.503,0.656,0.431,0.488,0.491,0.348,365,179,544,71,90,0.789,30,324,354,124,95,30,55,173,632
122,Jarrett Culver,SG,22,MEM,37,338,0.378,13.5,0.443,0.543,0.346,0.364,0.438,0.255,47,88,135,16,34,0.471,13,35,48,33,20,5,20,42,130
123,Jarron Cumberland,SG,24,POR,3,12,0.5,15.8,1,1,,,,0,1,1,2,0,0,,1,2,3,1,0,0,0,2,2
124,Cade Cunningham,SG,20,DET,64,2088,0.416,13.8,0.472,0.588,0.432,0.431,0.324,0.314,363,668,1031,142,168,0.845,58,296,354,356,78,43,234,200,1114
125,Seth Curry,SG,31,TOT,64,2134,0.487,19.4,0.553,0.692,0.568,0.51,0.539,0.422,374,365,739,82,94,0.872,21,179,200,230,53,14,109,148,960
125,Seth Curry,SG,31,PHI,45,1566,0.485,19.1,0.561,0.69,0.552,0.548,0.542,0.4,250,278,528,64,73,0.877,17,134,151,181,36,11,84,101,676
125,Seth Curry,SG,31,BRK,19,569,0.493,20.2,0.529,0.7,0.625,0.4,0.528,0.468,124,87,211,18,21,0.857,4,45,49,49,17,3,25,47,284
126,Stephen Curry,PG,33,GSW,64,2211,0.437,19.8,0.527,0.599,0.53,0.513,0.414,0.38,750,474,1224,275,298,0.923,34,301,335,404,85,23,206,130,1630
127,Anthony Davis,C,28,LAL,40,1404,0.532,9.6,0.571,0.793,0.485,0.317,0.413,0.186,70,625,695,174,244,0.713,106,288,394,122,49,90,82,97,927
128,Ed Davis,C,32,CLE,31,201,0.688,2.3,0.688,0.75,0.5,,,,0,16,16,6,14,0.429,14,50,64,7,3,9,5,33,28
129,Terence Davis,SG,24,SAC,30,536,0.423,16.3,0.542,0.712,0.357,0.333,0.5,0.329,149,118,267,36,44,0.818,11,83,94,40,25,11,33,70,311
130,Gabriel Deck,PF,26,OKC,7,56,0.571,11.9,0.6,0.6,1,0.667,0,0.5,4,10,14,0,0,,1,5,6,5,1,0,2,2,18
131,Dewayne Dedmon,C,32,MIA,67,1065,0.566,8.2,0.597,0.695,0.53,0.45,0.25,0.404,47,243,290,75,100,0.75,105,281,386,47,24,42,70,174,422
132,Sam Dekker,PF,27,TOR,1,1,,,,,,,,,0,0,0,0,0,,0,0,0,0,0,0,0,0,0
133,Javin DeLaurier,C,23,MIL,1,3,,,,,,,,,0,0,0,0,0,,0,1,1,0,1,0,0,1,0
134,DeMar DeRozan,PF,32,CHI,76,2743,0.504,13,0.52,0.671,0.494,0.511,0.457,0.352,142,1393,1535,520,593,0.877,56,336,392,374,68,24,181,178,2118
135,Mamadi Diakite,PF,25,OKC,13,188,0.532,6.8,0.595,0.6,0.688,0.4,0,0,5,42,47,6,11,0.545,17,42,59,2,5,9,7,33,56
136,Cheick Diallo,C,25,DET,3,31,0.375,3.1,0.375,0.667,0.2,,,,0,8,8,5,6,0.833,4,8,12,0,1,0,1,6,11
137,Hamidou Diallo,SG,23,DET,58,1269,0.496,9.5,0.55,0.691,0.5,0.391,0.361,0.247,93,433,526,91,140,0.65,69,208,277,73,71,17,58,143,636
138,Gorgui Dieng,C,32,ATL,44,371,0.473,19.2,0.545,0.733,0.375,0.6,0.364,0.426,68,44,112,19,26,0.731,32,89,121,34,11,13,20,52,154
139,Spencer Dinwiddie,PG,28,TOT,67,1980,0.416,15.6,0.479,0.643,0.402,0.446,0.324,0.339,330,405,735,195,252,0.774,45,234,279,346,44,13,104,150,919
139,Spencer Dinwiddie,PG,28,WAS,44,1330,0.376,16.2,0.432,0.573,0.388,0.378,0.333,0.31,226,266,492,116,143,0.811,36,171,207,256,27,7,73,107,556
139,Spencer Dinwiddie,PG,28,DAL,23,650,0.498,14.2,0.568,0.741,0.431,0.6,0.286,0.404,104,139,243,79,109,0.725,9,63,72,90,17,6,31,43,363
140,Donte DiVincenzo,SG,25,TOT,42,1005,0.351,18.6,0.373,0.538,0.239,0.444,0.091,0.339,218,118,336,70,83,0.843,40,130,170,118,48,8,72,69,380
140,Donte DiVincenzo,SG,25,MIL,17,341,0.331,17.9,0.409,0.52,0.308,0.5,0,0.284,74,44,118,23,27,0.852,18,42,60,29,11,3,28,26,122
140,Donte DiVincenzo,SG,25,SAC,25,665,0.362,19,0.351,0.556,0.212,0.429,0.143,0.368,144,74,218,47,56,0.839,22,88,110,89,37,5,44,43,258
141,Luka Dončić,PG,22,DAL,65,2301,0.457,15.9,0.528,0.778,0.499,0.44,0.356,0.353,569,834,1403,364,489,0.744,56,537,593,568,75,36,292,145,1847
142,Luguentz Dort,SG,22,OKC,51,1665,0.404,16.4,0.487,0.615,0.419,0.238,0.348,0.332,391,335,726,161,191,0.843,38,174,212,88,46,18,88,149,877
143,Ayo Dosunmu,SG,22,CHI,77,2110,0.52,12.3,0.596,0.701,0.377,0.481,0.564,0.376,186,349,535,53,78,0.679,27,187,214,256,60,29,108,182,679
144,Damyean Dotson,SG,27,NYK,2,21,0.5,11.3,0.667,1,0,1,,0,1,3,4,0,0,,0,2,2,1,0,0,0,0,4
145,Devon Dotson,PG,22,CHI,11,85,0.478,12.2,0.643,0.818,,0,,0.222,9,14,23,5,9,0.556,1,8,9,15,1,0,5,11,29
146,Sekou Doumbouya,PF,21,LAL,2,16,0.625,8.9,0.667,1,0,,,0.5,2,6,8,3,4,0.75,2,4,6,0,3,2,2,1,14
147,Jeff Dowtin,PG,24,TOT,9,108,0.308,14.8,0.412,0.667,0.333,0.2,0.667,0.111,9,17,26,2,2,1,8,10,18,10,5,1,5,5,19
147,Jeff Dowtin,PG,24,GSW,4,28,0.5,13.8,0.6,,0.5,1,0.5,0,1,5,6,0,0,,1,6,7,3,0,1,1,2,6
147,Jeff Dowtin,PG,24,MIL,1,3,0,23.4,,,,,,0,1,0,1,0,0,,0,0,0,0,0,0,0,0,0
147,Jeff Dowtin,PG,24,ORL,4,77,0.263,14.6,0.333,0.667,0.25,0,1,0.143,7,12,19,2,2,1,7,4,11,7,5,0,4,3,13
148,PJ Dozier,SG,25,DEN,18,340,0.364,17.2,0.412,0.714,0.143,0.5,0.333,0.313,48,51,99,10,13,0.769,14,49,63,29,11,6,13,33,97
149,Goran Dragić,PG,35,TOT,21,497,0.377,15.2,0.466,0.621,0.538,0.28,0.25,0.254,63,88,151,27,33,0.818,13,52,65,86,19,4,34,45,157
149,Goran Dragić,PG,35,TOR,5,90,0.382,15.3,0.45,0.571,0.4,0.375,,0.286,14,20,34,10,10,1,2,12,14,9,5,1,1,8,40
149,Goran Dragić,PG,35,BRK,16,408,0.376,15.2,0.471,0.636,0.571,0.235,0.25,0.245,49,68,117,17,23,0.739,11,40,51,77,14,3,33,37,117
150,Andre Drummond,C,28,TOT,73,1437,0.57,2.8,0.574,0.641,0.434,0.222,0,0,3,430,433,86,164,0.524,229,451,680,131,78,68,115,192,580
150,Andre Drummond,C,28,PHI,49,902,0.538,2.7,0.542,0.643,0.286,0.4,,0,2,236,238,42,82,0.512,136,297,433,97,56,45,79,121,298
150,Andre Drummond,C,28,BRK,24,535,0.61,3,0.613,0.638,0.62,0,0,0,1,194,195,44,82,0.537,93,154,247,34,22,23,36,71,282
151,Chris Duarte,SG,24,IND,55,1541,0.432,15.5,0.475,0.627,0.369,0.38,0.453,0.369,255,366,621,90,112,0.804,41,185,226,114,56,10,90,95,720
152,David Duke Jr.,PG,22,BRK,22,341,0.361,10.6,0.423,0.5,0.214,0,0.5,0.243,37,71,108,17,21,0.81,30,37,67,17,14,7,9,36,104
153,Kris Dunn,PG,27,POR,14,336,0.431,9.1,0.473,0.607,0.405,0.455,0.4,0.091,11,91,102,17,18,0.944,9,40,49,79,23,3,32,38,106
154,Kevin Durant,PF,33,BRK,55,2047,0.518,15.1,0.568,0.744,0.516,0.528,0.575,0.383,300,815,1115,372,409,0.91,29,378,407,351,48,52,191,113,1643
155,Jaime Echenique,C,24,WAS,1,3,,,,,,,,,0,0,0,0,0,,0,0,0,0,0,0,0,0,0
156,Anthony Edwards,SG,20,MIN,72,2466,0.441,15.2,0.519,0.658,0.356,0.338,0.359,0.357,602,643,1245,220,280,0.786,62,281,343,275,105,46,190,164,1533
157,Carsen Edwards,SG,23,DET,4,79,0.3,17.6,0.357,0.286,0,0.333,1,0.25,16,14,30,1,1,1,2,4,6,14,2,0,5,4,23
158,Kessler Edwards,SF,21,BRK,48,987,0.412,15.4,0.473,0.493,0.387,0.526,0.5,0.353,136,131,267,16,19,0.842,44,128,172,31,29,24,42,85,284
159,Rob Edwards,SG,25,OKC,2,11,0.25,24.3,,,,,,0.25,4,0,4,0,0,,0,3,3,0,0,0,1,0,3
160,CJ Elleby,SF,21,POR,58,1174,0.393,13.4,0.462,0.615,0.231,0.478,0.182,0.294,126,182,308,60,84,0.714,66,161,227,87,35,19,56,116,339
161,Wayne Ellington,SG,34,LAL,43,810,0.414,23.4,0.615,0.8,0.667,0.429,0.333,0.389,211,26,237,9,11,0.818,10,67,77,30,23,5,19,42,287
162,Joel Embiid,C,27,PHI,68,2297,0.499,11.9,0.529,0.763,0.409,0.431,0.428,0.371,251,1083,1334,654,803,0.814,146,650,796,284,77,99,214,181,2079
163,James Ennis III,SF,31,TOT,7,56,0.458,10.6,0.5,0.538,0.5,,0,0.375,8,16,24,4,5,0.8,5,7,12,3,2,2,2,5,29
163,James Ennis III,SF,31,BRK,2,14,0.286,8.3,0.2,0.2,,,,0.5,2,5,7,0,0,,2,3,5,0,1,1,0,0,5
163,James Ennis III,SF,31,LAC,2,28,0.636,12.3,0.714,1,0,,0,0.5,4,7,11,4,4,1,2,3,5,0,1,1,1,4,20
163,James Ennis III,SF,31,DEN,3,14,0.333,10,0.5,0.333,1,,,0,2,4,6,0,1,0,1,1,2,3,0,0,1,1,4
164,Drew Eubanks,C,24,TOT,71,1245,0.596,6.2,0.621,0.683,0.563,0.657,0.357,0.217,23,348,371,99,130,0.762,130,252,382,85,31,40,81,122,546
164,Drew Eubanks,C,24,SAS,49,595,0.528,5.7,0.55,0.597,0.541,0.455,0.286,0.125,8,151,159,59,79,0.747,64,132,196,50,13,30,46,61,228
164,Drew Eubanks,C,24,POR,22,650,0.646,6.6,0.675,0.75,0.581,0.75,0.429,0.267,15,197,212,40,51,0.784,66,120,186,35,18,10,35,61,318
165,Tacko Fall,C,26,CLE,11,59,0.417,3.2,0.417,0.625,0,,,,0,12,12,2,7,0.286,7,16,23,2,0,6,3,3,12
166,Derrick Favors,C,30,OKC,39,653,0.516,9.7,0.554,0.694,0.433,0.548,0.406,0.125,16,166,182,16,25,0.64,58,126,184,25,17,12,9,62,206
167,Bruno Fernando,C,23,TOT,30,153,0.655,4,0.66,0.676,0.625,0.5,1,0.5,2,53,55,15,24,0.625,18,37,55,7,1,11,14,24,88
167,Bruno Fernando,C,23,BOS,20,58,0.5,6.2,0.462,0.444,0,0.5,1,1,1,13,14,4,5,0.8,7,8,15,4,0,3,5,6,19
167,Bruno Fernando,C,23,HOU,10,94,0.707,3.2,0.725,0.76,0.667,,,0,1,40,41,11,19,0.579,11,29,40,3,1,8,9,18,69
168,Dorian Finney-Smith,PF,28,DAL,80,2644,0.471,17,0.599,0.752,0.324,0.471,0.273,0.395,435,257,692,56,83,0.675,122,253,375,150,88,39,80,183,880
169,Malik Fitts,PF,24,TOT,15,63,0.421,16.7,0.333,0.75,0,0,0,0.5,10,9,19,0,0,,2,15,17,5,0,0,2,4,21
169,Malik Fitts,PF,24,UTA,7,35,0.222,18.1,0,0,0,0,0,0.5,4,5,9,0,0,,0,10,10,0,0,0,2,3,6
169,Malik Fitts,PF,24,BOS,8,28,0.6,15.4,0.75,1,0,,,0.5,6,4,10,0,0,,2,5,7,5,0,0,0,1,15
170,Malachi Flynn,PG,23,TOR,44,537,0.393,18.2,0.452,0.545,0.464,0.571,0.31,0.333,90,93,183,15,24,0.625,10,53,63,70,20,4,13,45,189
171,Bryn Forbes,SG,28,TOT,75,1286,0.429,19.5,0.447,0.609,0.432,0.525,0.364,0.414,295,244,539,79,87,0.908,10,83,93,75,25,5,56,95,663
171,Bryn Forbes,SG,28,SAS,40,676,0.432,18.9,0.448,0.688,0.359,0.478,0.409,0.417,151,145,296,44,49,0.898,4,59,63,41,17,3,33,42,363
171,Bryn Forbes,SG,28,DEN,35,610,0.424,20.2,0.444,0.429,0.514,0.692,0.318,0.41,144,99,243,35,38,0.921,6,24,30,34,8,2,23,53,300
172,Aleem Ford,SF,24,ORL,5,74,0.3,19.5,0.8,1,0.5,,,0.133,15,5,20,0,0,,2,13,15,2,1,0,4,7,14
173,Trent Forrest,PG,23,UTA,60,765,0.49,8.8,0.555,0.592,0.529,0.556,0.5,0.185,27,128,155,38,48,0.792,23,76,99,106,30,6,48,43,195
174,Evan Fournier,SG,29,NYK,80,2358,0.417,19.6,0.465,0.603,0.39,0.474,0.432,0.389,619,346,965,80,113,0.708,34,176,210,171,79,20,105,180,1125
175,De'Aaron Fox,PG,24,SAC,59,2084,0.473,12.4,0.524,0.714,0.466,0.451,0.453,0.297,249,843,1092,261,348,0.75,25,206,231,330,68,25,168,172,1367
176,Melvin Frazier,SG,25,OKC,3,120,0.271,12.4,0.444,0.667,0.267,,,0.048,21,27,48,5,7,0.714,5,8,13,1,1,0,3,8,32
177,Tim Frazier,PG,31,TOT,12,208,0.311,17.4,0.286,1,0.25,0.167,0.182,0.353,17,28,45,5,9,0.556,5,14,19,34,3,1,15,27,39
177,Tim Frazier,PG,31,ORL,10,200,0.302,17.5,0.269,1,0.25,0.2,0.1,0.353,17,26,43,5,9,0.556,5,14,19,33,3,1,13,24,37
177,Tim Frazier,PG,31,CLE,2,8,0.5,14.9,0.5,,,0,1,,0,2,2,0,0,,0,0,0,1,0,0,2,3,2
178,Enes Freedom,C,29,BOS,35,411,0.526,4.4,0.533,0.537,0.5,0.5,1,0.4,5,92,97,24,28,0.857,61,99,160,8,5,14,20,42,128
179,Markelle Fultz,PG,23,ORL,18,360,0.474,11.1,0.5,0.775,0.389,0.459,0.37,0.235,17,158,175,25,31,0.806,4,45,49,99,20,5,40,22,195
180,Wenyen Gabriel,PF,24,TOT,26,359,0.491,8.5,0.561,0.692,0.37,0,0,0.286,28,82,110,25,42,0.595,39,58,97,14,5,11,16,68,141
180,Wenyen Gabriel,PF,24,BRK,1,1,,,,,,,,,0,0,0,0,0,,0,1,1,0,0,0,0,0,0
180,Wenyen Gabriel,PF,24,LAC,6,46,0.385,11.2,0.375,0.4,0.333,,,0.4,5,8,13,2,4,0.5,5,9,14,2,1,2,3,11,14
180,Wenyen Gabriel,PF,24,LAL,19,311,0.505,8.1,0.581,0.723,0.375,0,0,0.261,23,74,97,23,38,0.605,34,48,82,12,4,9,13,57,127
181,Daniel Gafford,C,23,WAS,72,1444,0.693,2.9,0.695,0.837,0.448,0.333,0,0,1,410,411,107,153,0.699,155,252,407,68,30,99,65,170,677
182,Danilo Gallinari,PF,33,ATL,66,1672,0.434,18.4,0.485,0.718,0.377,0.467,0.382,0.381,294,303,597,141,156,0.904,35,273,308,101,28,12,38,93,771
183,Langston Galloway,SG,30,TOT,7,107,0.231,19.4,0.4,0.333,0,0.667,0.333,0.125,16,10,26,0,0,,3,15,18,12,1,0,6,7,14
183,Langston Galloway,SG,30,BRK,4,58,0.385,19,0.6,0.5,,1,0,0.25,8,5,13,0,0,,1,7,8,5,0,0,5,5,12
183,Langston Galloway,SG,30,MIL,3,49,0.077,19.9,0.2,0,0,0,0.5,0,8,5,13,0,0,,2,8,10,7,1,0,1,2,2
184,Darius Garland,PG,22,CLE,68,2430,0.462,15.5,0.512,0.607,0.451,0.497,0.456,0.383,454,719,1173,215,241,0.892,39,185,224,583,89,7,248,115,1473
185,Marcus Garrett,SG,23,MIA,12,128,0.238,9.3,0.235,0.2,0.333,0,0.5,0.25,4,17,21,2,5,0.4,9,14,23,7,5,3,2,16,13
186,Usman Garuba,PF,19,HOU,24,240,0.432,12.6,0.583,0.636,0,0,,0.25,20,24,44,5,7,0.714,21,62,83,17,10,11,6,28,48
187,Luka Garza,C,23,DET,32,389,0.449,12.7,0.51,0.674,0.5,0.2,0.231,0.327,49,98,147,38,61,0.623,58,42,100,20,9,6,18,55,186
188,Rudy Gay,PF,35,UTA,55,1038,0.414,17.4,0.494,0.778,0.333,0.405,0.391,0.345,203,176,379,62,79,0.785,55,187,242,56,25,19,47,95,446
189,Paul George,PF,31,LAC,31,1077,0.421,16.6,0.467,0.667,0.346,0.451,0.396,0.354,257,379,636,127,148,0.858,12,201,213,176,67,13,126,74,754
190,Taj Gibson,C,36,NYK,52,946,0.518,9.9,0.555,0.667,0.433,0.529,0.333,0.395,38,128,166,42,52,0.808,88,141,229,32,22,40,27,137,229
191,Josh Giddey,SF,19,OKC,54,1700,0.419,12.7,0.492,0.649,0.444,0.431,0.333,0.263,213,457,670,56,79,0.709,98,323,421,345,51,20,171,88,674
192,Shai Gilgeous-Alexander,PG,23,OKC,56,1942,0.453,12.1,0.514,0.662,0.445,0.442,0.49,0.3,297,755,1052,328,405,0.81,37,241,278,331,71,46,154,142,1371
193,Anthony Gill,PF,29,WAS,44,463,0.569,9.2,0.578,0.625,0.551,0.5,,0.538,26,83,109,42,52,0.808,33,52,85,27,5,11,18,58,180
194,Freddie Gillespie,PF,24,ORL,9,119,0.409,6.5,0.429,0.333,0.417,0.667,,0,1,21,22,3,7,0.429,13,23,36,5,3,9,5,18,21
195,Rudy Gobert,C,29,UTA,66,2120,0.713,2.7,0.718,0.803,0.468,0.75,0,0,4,504,508,303,439,0.69,241,727,968,72,45,137,119,176,1027
196,Brandon Goodwin,PG,26,CLE,36,502,0.416,13.9,0.455,0.634,0.355,0.333,0.222,0.345,55,99,154,24,38,0.632,14,53,67,91,25,1,36,39,171
197,Jordan Goodwin,SG,23,WAS,2,6,0,16.6,0,0,,,0,0,1,2,3,0,0,,0,1,1,0,0,0,0,1,0
198,Aaron Gordon,PF,26,DEN,75,2376,0.52,11.5,0.605,0.796,0.369,0.329,0.422,0.335,260,574,834,171,230,0.743,125,314,439,188,44,44,133,148,1126
199,Eric Gordon,SG,33,HOU,57,1670,0.475,16.2,0.548,0.679,0.416,0.333,0.5,0.412,301,263,564,105,135,0.778,15,98,113,154,28,18,107,63,765
200,Devonte' Graham,PG,26,NOP,76,2162,0.363,21.2,0.413,0.627,0.298,0.4,0.325,0.341,563,252,815,118,140,0.843,37,140,177,316,71,12,105,95,902
201,Jerami Grant,PF,27,DET,47,1500,0.426,15.2,0.465,0.631,0.442,0.243,0.429,0.358,254,445,699,217,259,0.838,28,163,191,111,44,49,85,107,904
202,Hassani Gravett,PG,25,ORL,8,171,0.474,20.9,0.583,0.333,0.5,1,0.5,0.423,26,12,38,3,4,0.75,1,20,21,20,5,1,9,13,50
203,Danny Green,SF,34,PHI,62,1353,0.394,21.8,0.469,0.682,0.2,0.5,0.333,0.38,271,49,320,11,14,0.786,32,125,157,64,60,37,45,105,366
204,Draymond Green,PF,31,GSW,46,1329,0.525,9.8,0.586,0.716,0.557,0.267,0.3,0.296,54,203,257,60,91,0.659,45,291,336,320,61,50,139,136,346
205,Jalen Green,SG,19,HOU,67,2138,0.426,15.7,0.502,0.68,0.252,0.333,0.381,0.343,458,496,954,188,236,0.797,33,193,226,176,44,18,135,103,1157
206,JaMychal Green,PF,31,DEN,67,1085,0.486,12.1,0.621,0.734,0.392,0.273,0.692,0.266,124,203,327,81,93,0.871,81,200,281,59,43,26,57,158,432
207,Javonte Green,SF,28,CHI,65,1519,0.542,9.1,0.625,0.695,0.425,0.2,,0.356,101,224,325,80,96,0.833,91,185,276,60,67,32,30,132,468
208,Jeff Green,PF,35,DEN,75,1849,0.524,11.3,0.62,0.79,0.496,0.415,0.188,0.315,168,361,529,165,198,0.833,41,190,231,96,28,27,71,151,772
209,Josh Green,SG,21,DAL,67,1039,0.508,11.1,0.573,0.786,0.397,0.4,0.273,0.359,78,178,256,31,45,0.689,52,109,161,79,45,14,44,115,319
210,Blake Griffin,C,32,BRK,56,958,0.425,13.5,0.565,0.613,0.532,0.273,0.5,0.262,145,168,313,55,76,0.724,60,168,228,105,27,14,31,95,359
211,Quentin Grimes,SG,21,NYK,46,786,0.404,22.1,0.5,0.714,0,0.2,0.438,0.381,189,46,235,13,19,0.684,24,70,94,44,31,11,28,72,275
212,Kyle Guy,SG,24,MIA,19,186,0.4,18.7,0.48,0.857,0.091,0.5,0.8,0.35,40,25,65,8,12,0.667,4,13,17,17,7,1,13,12,74
213,Rui Hachimura,PF,23,WAS,42,943,0.491,14.7,0.512,0.84,0.404,0.393,0.338,0.447,123,258,381,46,66,0.697,25,135,160,48,23,9,33,53,475
214,Tyrese Haliburton,SG-PG,21,TOT,77,2694,0.473,16.7,0.517,0.712,0.41,0.521,0.457,0.414,389,520,909,160,190,0.842,61,250,311,628,134,49,199,121,1181
214,Tyrese Haliburton,SG,21,SAC,51,1757,0.457,16.8,0.491,0.739,0.355,0.458,0.5,0.413,252,334,586,87,104,0.837,39,160,199,379,86,34,115,71,727
214,Tyrese Haliburton,PG,21,IND,26,938,0.502,16.6,0.565,0.673,0.508,0.646,0.367,0.416,137,186,323,73,86,0.849,22,90,112,249,48,15,84,50,454
215,Tyler Hall,SG,24,NYK,1,2,,,,,,,,,0,0,0,0,0,,0,0,0,0,0,0,0,0,0
216,R.J. Hampton,SG,20,ORL,64,1402,0.383,13.7,0.405,0.525,0.36,0.2,0.313,0.35,183,274,457,75,117,0.641,23,171,194,158,42,13,87,101,489
217,Tim Hardaway Jr.,SG,29,DAL,42,1245,0.394,19.6,0.473,0.68,0.429,0.404,0.413,0.336,304,226,530,78,103,0.757,13,143,156,92,38,6,34,74,598
218,James Harden,PG,32,TOT,65,2420,0.41,14.6,0.476,0.598,0.37,0.426,0.458,0.33,448,544,992,470,536,0.877,55,445,500,667,82,36,284,153,1432
218,James Harden,PG,32,BRK,44,1627,0.414,14.2,0.476,0.574,0.386,0.419,0.563,0.332,307,399,706,304,350,0.869,42,309,351,447,56,31,212,105,990
218,James Harden,PG,32,PHI,21,792,0.402,15.6,0.476,0.667,0.322,0.444,0.25,0.326,141,145,286,166,186,0.892,13,136,149,220,26,5,72,48,442
219,Maurice Harkless,SF,28,SAC,47,863,0.459,15,0.65,0.688,0.643,0,0.333,0.307,101,80,181,20,28,0.714,12,100,112,23,29,24,31,77,217
220,Jared Harper,PG,24,NOP,5,43,0.538,16.8,0.643,0.4,1,0.5,0.75,0.417,12,14,26,4,4,1,2,0,2,14,4,1,2,5,37
221,Montrezl Harrell,C,28,TOT,71,1640,0.645,4.8,0.658,0.771,0.533,0.409,0.316,0.235,17,538,555,212,296,0.716,149,282,431,145,29,43,72,137,932
221,Montrezl Harrell,C,28,WAS,46,1117,0.645,5.5,0.66,0.788,0.541,0.471,0.357,0.267,15,368,383,149,205,0.727,96,213,309,96,18,31,50,88,647
221,Montrezl Harrell,C,28,CHO,25,524,0.645,3.3,0.653,0.744,0.5,0.2,0.2,0,2,170,172,63,91,0.692,53,69,122,49,11,12,22,49,285
222,Gary Harris,SG,27,ORL,61,1730,0.434,17.2,0.494,0.675,0.464,0.429,0.322,0.384,302,251,553,83,95,0.874,36,86,122,108,59,9,61,112,679
223,Joe Harris,SF,30,BRK,14,423,0.452,19.6,0.417,0.429,0.385,0.5,0.333,0.466,88,36,124,5,6,0.833,5,51,56,14,7,2,16,31,158
224,Tobias Harris,PF,29,PHI,73,2543,0.482,11.7,0.525,0.699,0.444,0.428,0.386,0.367,275,747,1022,170,202,0.842,77,419,496,252,47,43,116,164,1257
225,Shaquille Harrison,SG,28,BRK,2,23,0.333,9.5,0.5,0.667,0,,,0,2,4,6,0,0,,1,3,4,3,1,1,2,3,4
226,Josh Hart,SG,26,TOT,54,1791,0.504,12.4,0.601,0.705,0.434,0.382,0.421,0.343,213,356,569,160,211,0.758,62,326,388,224,61,13,114,150,807
226,Josh Hart,SG,26,NOP,41,1374,0.505,11.4,0.598,0.688,0.415,0.4,0.462,0.323,130,256,386,116,154,0.753,53,265,318,168,45,11,81,118,548
226,Josh Hart,SG,26,POR,13,417,0.503,14.5,0.61,0.754,0.478,0.357,0.333,0.373,83,100,183,44,57,0.772,9,61,70,56,16,2,33,32,259
227,Isaiah Hartenstein,C,23,LAC,68,1216,0.626,5.9,0.64,0.754,0.519,0.559,,0.467,30,336,366,91,132,0.689,117,215,332,160,50,77,84,167,563
228,Udonis Haslem,C,41,MIA,13,83,0.452,9.4,0.481,0.692,0,0.5,0.333,0.25,4,27,31,3,3,1,4,21,25,4,1,1,5,15,32
229,Sam Hauser,SF,24,BOS,26,158,0.46,22.7,0.667,0.8,0,,,0.432,44,6,50,0,0,,5,24,29,10,1,2,2,7,65
230,Jaxson Hayes,C,21,NOP,70,1398,0.616,6.6,0.66,0.777,0.485,0.375,0.286,0.351,57,341,398,144,188,0.766,115,200,315,43,33,55,54,155,654
231,Killian Hayes,PG,20,DET,66,1647,0.383,14.3,0.452,0.747,0.345,0.387,0.308,0.263,167,292,459,57,74,0.77,36,174,210,277,78,35,111,183,453
232,Gordon Hayward,SF,31,CHO,49,1564,0.459,14.4,0.496,0.682,0.327,0.381,0.574,0.391,220,397,617,126,149,0.846,38,186,224,177,47,22,81,85,778
233,Aaron Henry,SF,22,PHI,6,17,0.2,12,0.25,1,0,0,,0,1,4,5,0,0,,0,1,1,0,0,2,2,2,2
234,Juancho Hernangómez,PF,26,TOT,40,445,0.415,17.2,0.541,0.696,0.308,0,,0.348,69,37,106,19,34,0.559,28,72,100,20,14,10,16,25,131
234,Juancho Hernangómez,PF,26,BOS,18,96,0.185,18.6,0.222,0.5,0,0,,0.167,18,9,27,6,9,0.667,9,16,25,3,4,2,6,7,19
234,Juancho Hernangómez,PF,26,SAS,5,51,0.333,13.8,0.667,1,0,,,0,3,3,6,3,4,0.75,4,11,15,3,1,1,2,0,7
234,Juancho Hernangómez,PF,26,UTA,17,298,0.507,17,0.64,0.706,0.5,,,0.438,48,25,73,10,21,0.476,15,45,60,14,9,7,8,18,105
235,Willy Hernangómez,C,27,NOP,50,839,0.52,4.2,0.527,0.63,0.391,0.357,0,0.333,12,315,327,109,141,0.773,143,195,338,63,21,19,51,97,453
236,Tyler Herro,SG,22,MIA,66,2151,0.447,16,0.477,0.688,0.407,0.446,0.391,0.399,439,683,1122,190,219,0.868,32,297,329,263,44,8,174,95,1367
237,Buddy Hield,SG,29,TOT,81,2499,0.406,19.7,0.482,0.593,0.385,0.421,0.443,0.366,716,382,1098,111,127,0.874,66,287,353,229,73,25,153,184,1265
237,Buddy Hield,SG,29,SAC,55,1574,0.382,20.8,0.419,0.582,0.205,0.306,0.436,0.368,495,198,693,80,92,0.87,43,178,221,105,48,15,90,113,792
237,Buddy Hield,SG,29,IND,26,925,0.447,17.7,0.549,0.606,0.553,0.525,0.452,0.362,221,184,405,31,35,0.886,23,109,132,124,25,10,63,71,473
238,Haywood Highsmith,SF,25,MIA,19,163,0.348,16.7,0.389,0.3,0.5,,0.5,0.321,28,18,46,2,5,0.4,10,16,26,6,2,3,3,13,43
239,George Hill,PG,35,MIL,54,1253,0.429,15.4,0.546,0.74,0.316,0.294,0.462,0.306,134,141,275,57,62,0.919,38,117,155,120,42,6,41,70,334
240,Malcolm Hill,SF-SG,26,TOT,19,212,0.462,19.5,0.688,0.667,0.667,0,1,0.361,36,16,52,11,14,0.786,11,24,35,8,7,3,3,24,72
240,Malcolm Hill,SG,26,ATL,3,46,0.625,19,0.667,1,,0,1,0.6,5,3,8,4,4,1,2,4,6,1,4,1,0,7,17
240,Malcolm Hill,SF,26,CHI,16,166,0.432,19.6,0.692,0.6,0.667,,1,0.323,31,13,44,7,10,0.7,9,20,29,7,3,2,3,17,55
241,Solomon Hill,SF,30,ATL,13,139,0.15,17.9,0.143,0.2,0,,,0.154,13,7,20,0,0,,6,17,23,12,4,2,1,16,8
242,Nate Hinton,SG,22,IND,2,2,0,8.1,0,,0,,,,0,1,1,0,0,,0,0,0,0,0,0,1,0,0
243,Jaylen Hoard,SF,22,OKC,7,240,0.489,10,0.538,0.724,0.387,0.333,0.5,0.36,25,65,90,6,14,0.429,30,54,84,17,6,5,8,14,103
244,Aaron Holiday,PG,25,TOT,63,1021,0.447,13.1,0.477,0.61,0.475,0.411,0.263,0.379,103,235,338,59,68,0.868,24,98,122,153,42,9,67,92,400
244,Aaron Holiday,PG,25,WAS,41,663,0.467,12.9,0.524,0.605,0.529,0.486,0.167,0.343,67,147,214,28,35,0.8,9,58,67,78,24,9,39,60,251
244,Aaron Holiday,PG,25,PHO,22,358,0.411,13.5,0.398,0.619,0.364,0.286,0.308,0.444,36,88,124,31,33,0.939,15,40,55,75,18,0,28,32,149
245,Jrue Holiday,PG,31,MIL,67,2208,0.501,13.6,0.547,0.651,0.464,0.542,0.515,0.411,321,633,954,137,180,0.761,69,232,301,457,108,29,183,133,1225
246,Justin Holiday,SF-SG,32,TOT,74,2057,0.394,20.7,0.467,0.594,0.344,0.483,0.36,0.367,482,180,662,50,62,0.806,29,161,190,128,57,33,70,154,749
246,Justin Holiday,SF,32,IND,49,1416,0.415,21.1,0.516,0.674,0.353,0.478,0.417,0.378,336,122,458,34,41,0.829,18,117,135,90,36,18,49,105,541
246,Justin Holiday,SG,32,SAC,25,641,0.348,20,0.362,0.435,0.333,0.5,0.214,0.342,146,58,204,16,21,0.762,11,44,55,38,21,15,21,49,208
247,Richaun Holmes,C,28,SAC,45,1074,0.66,5.5,0.664,0.767,0.549,0.567,0.667,0.4,5,295,300,70,90,0.778,93,224,317,48,17,41,56,128,468
248,Rodney Hood,PF-SF,29,TOT,52,709,0.369,19.6,0.424,0.857,0.267,0.438,0.238,0.33,91,66,157,17,19,0.895,15,62,77,38,15,6,11,31,163
248,Rodney Hood,PF,29,MIL,39,581,0.351,19.9,0.431,0.846,0.273,0.455,0.188,0.3,80,51,131,13,14,0.929,13,54,67,30,12,4,7,27,129
248,Rodney Hood,SF,29,LAC,13,128,0.462,18.1,0.4,1,0.25,0.4,0.4,0.545,11,15,26,4,5,0.8,2,8,10,8,3,2,4,4,34
249,Scotty Hopson,SG,32,OKC,1,18,0.5,17.3,0.667,,0,,1,0,1,3,4,0,0,,0,1,1,1,0,0,2,1,4
250,Al Horford,C,35,BOS,69,2005,0.467,15.3,0.582,0.784,0.507,0.538,0.333,0.336,265,304,569,80,95,0.842,108,422,530,232,49,92,65,130,701
251,Talen Horton-Tucker,SG,21,LAL,60,1511,0.416,12.8,0.492,0.613,0.409,0.389,0.344,0.269,182,356,538,100,125,0.8,37,156,193,159,59,29,82,148,597
252,Danuel House Jr.,SF,28,TOT,42,727,0.404,16.9,0.444,0.634,0.174,0.333,0.375,0.376,117,81,198,44,58,0.759,18,93,111,44,21,17,33,51,248
252,Danuel House Jr.,SF,28,HOU,16,233,0.338,15.2,0.375,0.391,0.167,0.4,0.5,0.294,34,40,74,17,19,0.895,4,39,43,19,5,5,18,16,77
252,Danuel House Jr.,SF,28,NYK,1,3,0,27,,,,,,0,1,0,1,0,0,,0,0,0,0,0,0,0,0,0
252,Danuel House Jr.,SF,28,UTA,25,491,0.447,17.8,0.512,0.944,0.176,0.25,0,0.415,82,41,123,27,39,0.692,14,54,68,25,16,12,15,35,171
253,Dwight Howard,C,36,LAL,60,971,0.612,4.5,0.618,0.732,0.418,0.25,0,0.533,15,204,219,96,146,0.658,118,238,356,35,34,36,47,115,372
254,Markus Howard,SG,22,DEN,31,176,0.386,20.2,0.355,0.333,0.417,0.25,0.333,0.4,70,31,101,20,23,0.87,2,10,12,7,9,0,7,17,126
255,Kevin Huerter,SF,23,ATL,74,2188,0.454,18,0.53,0.663,0.485,0.505,0.467,0.389,411,349,760,42,52,0.808,32,222,254,203,55,26,91,185,892
256,Jay Huff,C,23,LAL,4,20,0,19.9,0,,0,,,0,2,1,3,0,0,,1,3,4,1,1,1,1,1,0
257,Elijah Hughes,SG-SF,23,TOT,36,434,0.326,20.1,0.449,0.692,0.615,0.278,0,0.263,95,49,144,7,9,0.778,6,52,58,22,14,8,17,39,126
257,Elijah Hughes,SF,23,UTA,14,112,0.417,21.1,0.625,0.75,1,0,0,0.357,28,8,36,3,3,1,2,15,17,6,4,1,7,7,43
257,Elijah Hughes,SG,23,POR,22,322,0.296,19.8,0.415,0.667,0.545,0.294,0,0.224,67,41,108,4,6,0.667,4,37,41,16,10,7,10,32,83
258,Feron Hunt,SF,22,NYK,2,8,0,1.5,0,0,,,,,0,2,2,0,0,,1,0,1,1,1,0,1,1,0
259,De'Andre Hunter,SF,24,ATL,53,1577,0.442,13.9,0.474,0.651,0.398,0.409,0.333,0.379,195,380,575,127,166,0.765,26,150,176,68,36,21,69,155,709
260,Chandler Hutchison,SF,25,PHO,6,22,0.5,5,0.5,0,1,,,,0,2,2,2,2,1,0,5,5,2,0,0,4,1,4
261,Bones Hyland,SG,21,DEN,69,1310,0.403,19.4,0.465,0.7,0.284,0.341,0.536,0.366,358,213,571,107,125,0.856,14,174,188,191,41,20,86,153,698
262,Serge Ibaka,C,32,TOT,54,878,0.5,13.8,0.563,0.789,0.506,0.516,0.321,0.374,99,197,296,32,44,0.727,62,188,250,49,11,33,43,102,365
262,Serge Ibaka,C,32,LAC,35,538,0.49,13.9,0.538,0.743,0.519,0.435,0.35,0.387,62,130,192,20,29,0.69,40,110,150,36,7,26,33,56,232
262,Serge Ibaka,C,32,MIL,19,339,0.519,13.7,0.612,0.864,0.483,0.75,0.25,0.351,37,67,104,12,15,0.8,22,78,100,13,4,7,10,46,133
263,Andre Iguodala,SF,38,GSW,31,603,0.38,18.1,0.617,0.76,0.571,0,0.4,0.23,74,47,121,15,20,0.75,21,79,100,114,27,22,28,34,124
264,Joe Ingles,SF,34,UTA,45,1122,0.404,21.3,0.617,0.818,0.619,0.25,0.333,0.347,225,60,285,17,22,0.773,12,119,131,158,23,5,46,82,325
265,Brandon Ingram,SF,24,NOP,55,1869,0.461,14.6,0.501,0.681,0.436,0.506,0.427,0.327,226,757,983,266,322,0.826,35,285,320,307,34,26,151,119,1246
266,Kyrie Irving,PG,29,BRK,29,1091,0.469,16.5,0.501,0.702,0.543,0.432,0.405,0.418,239,377,616,118,129,0.915,16,111,127,167,41,17,73,81,796
267,Wes Iwundu,SF,27,ATL,3,82,0.444,12.3,0.385,0.4,0.333,0,0.667,0.6,5,13,18,3,4,0.75,3,10,13,0,1,0,1,8,22
268,Frank Jackson,PG,23,DET,53,1164,0.402,17.4,0.529,0.725,0.338,0.515,0.5,0.308,279,204,483,86,104,0.827,19,68,87,55,27,9,38,89,560
269,Isaiah Jackson,C,20,IND,36,541,0.563,5,0.584,0.68,0.444,0.182,0.333,0.313,16,190,206,60,88,0.682,60,89,149,10,25,52,40,92,297
270,Jaren Jackson Jr.,PF,22,MEM,78,2126,0.415,13.1,0.476,0.615,0.395,0.421,0.4,0.319,401,635,1036,284,345,0.823,119,335,454,86,73,177,130,272,1272
271,Josh Jackson,SF,24,TOT,51,830,0.4,14.9,0.512,0.712,0.392,0.389,0.286,0.254,130,170,300,55,77,0.714,21,120,141,54,26,22,47,88,328
271,Josh Jackson,SF,24,DET,39,707,0.41,15.2,0.529,0.721,0.39,0.429,0.318,0.265,113,138,251,40,56,0.714,17,106,123,49,21,18,38,71,276
271,Josh Jackson,SF,24,SAC,12,123,0.347,13.7,0.438,0.667,0.4,0.25,0.167,0.176,17,32,49,15,21,0.714,4,14,18,5,5,4,9,17,52
272,Justin Jackson,SF,26,TOT,7,36,0.333,19.9,0.333,,0.667,0,0,0.333,9,6,15,2,2,1,1,6,7,2,0,0,1,3,15
272,Justin Jackson,SF,26,BOS,1,2,0,20.9,0,,,,0,,0,1,1,2,2,1,0,0,0,0,0,0,0,0,2
272,Justin Jackson,SF,26,PHO,6,35,0.357,19.8,0.4,,0.667,0,0,0.333,9,5,14,0,0,,1,6,7,2,0,0,1,3,13
273,Reggie Jackson,SG,31,LAC,75,2337,0.392,16.3,0.439,0.627,0.444,0.354,0.304,0.326,512,710,1222,138,163,0.847,39,232,271,359,55,15,173,159,1263
274,LeBron James,C,37,LAL,56,2084,0.524,13.8,0.62,0.796,0.465,0.382,0.426,0.359,448,773,1221,254,336,0.756,63,396,459,349,73,59,196,121,1695
275,DeJon Jarreau,SG,24,IND,1,1,,,,,,,,,0,0,0,0,0,,0,0,0,0,0,0,0,0,0
276,DaQuan Jeffries,SG,24,MEM,3,9,0.5,12.1,1,1,,,,0,1,1,2,0,0,,0,2,2,1,0,0,0,1,2
277,Ty Jerome,SG,24,OKC,48,801,0.378,18.3,0.493,0.478,0.481,0.568,0.2,0.29,186,142,328,38,47,0.809,19,59,78,109,30,5,37,73,340
278,Isaiah Joe,SG,22,PHI,55,609,0.35,22.2,0.405,0.643,0.333,0.375,0.214,0.333,135,42,177,29,31,0.935,6,50,56,35,14,3,19,47,198
279,Alize Johnson,PF,25,TOT,23,167,0.436,6.2,0.486,0.5,0.455,0.5,,0,4,35,39,7,12,0.583,28,33,61,9,5,0,12,18,41
279,Alize Johnson,PF,25,CHI,16,121,0.522,6.6,0.571,0.636,0.556,0,,0,2,21,23,4,7,0.571,16,20,36,8,3,0,8,15,28
279,Alize Johnson,PF,25,WAS,3,18,0.333,9.7,0.5,0.5,,,,0,2,4,6,0,1,0,5,7,12,0,0,0,3,0,4
279,Alize Johnson,PF,25,NOP,4,28,0.3,3.2,0.3,0.286,0,1,,,0,10,10,3,4,0.75,7,6,13,1,2,0,1,3,9
280,B.J. Johnson,SF,26,ORL,4,65,0.44,16.9,0.467,0.4,0,0.667,0.6,0.4,10,15,25,0,0,,6,9,15,0,0,1,0,4,26
281,Cameron Johnson,PF,25,PHO,66,1730,0.46,18.6,0.523,0.766,0.483,0.24,0.2,0.425,391,216,607,98,114,0.86,42,231,273,99,57,16,47,113,822
282,David Johnson,SG,20,TOR,2,2,0,26.1,,,,,,0,1,0,1,0,0,,0,0,0,0,0,0,0,0,0
283,Jalen Johnson,PF,20,ATL,22,120,0.537,10.8,0.679,0.95,0,0,0,0.231,13,28,41,5,7,0.714,2,24,26,3,3,2,9,9,52
284,James Johnson,PF,34,BRK,62,1191,0.469,9.4,0.545,0.651,0.39,0.2,0.143,0.271,85,222,307,29,55,0.527,51,164,215,130,30,34,48,162,340
285,Joe Johnson,SG,40,BOS,1,2,1,18.1,1,,,,1,,0,1,1,0,0,,0,0,0,0,0,0,0,0,2
286,Keldon Johnson,SF,22,SAS,75,2392,0.466,13.4,0.51,0.645,0.45,0.369,0.414,0.398,399,612,1011,177,234,0.756,80,377,457,158,58,14,92,148,1278
287,Keon Johnson,SG,19,TOT,37,696,0.353,13.3,0.36,0.507,0.353,0.214,0,0.34,100,172,272,41,51,0.804,24,57,81,76,28,12,46,69,267
287,Keon Johnson,SG,19,LAC,15,135,0.333,11,0.35,0.6,0.308,0.2,0,0.273,11,40,51,16,21,0.762,6,15,21,13,7,2,7,21,53
287,Keon Johnson,SG,19,POR,22,562,0.357,13.9,0.364,0.483,0.368,0.217,0,0.348,89,132,221,25,30,0.833,18,42,60,63,21,10,39,48,214
288,Stanley Johnson,PF,25,LAL,48,1094,0.466,13.7,0.575,0.738,0.37,0.682,0.444,0.314,105,146,251,53,74,0.716,34,121,155,80,43,14,35,109,320
289,Tyler Johnson,PG,29,TOT,6,91,0.3,22.2,0.143,,,0,0.25,0.385,13,7,20,0,0,,3,9,12,7,3,3,2,7,17
289,Tyler Johnson,PG,29,PHI,3,38,0.4,23.6,0.333,,,0,0.5,0.429,7,3,10,0,0,,1,5,6,2,1,1,1,4,11
289,Tyler Johnson,PG,29,SAS,3,53,0.2,20.8,0,,,0,0,0.333,6,4,10,0,0,,2,4,6,5,2,2,1,3,6
290,Nikola Jokić,C,26,DEN,74,2476,0.583,10.2,0.652,0.776,0.606,0.565,0.467,0.337,288,1023,1311,379,468,0.81,206,813,1019,584,109,63,281,191,2004
291,Carlik Jones,PG,24,TOT,5,23,0.111,10.1,0.125,0.333,0,0,0,0,1,8,9,2,2,1,1,2,3,5,1,0,3,0,4
291,Carlik Jones,PG,24,DAL,3,19,0,10,0,0,0,0,,0,1,6,7,2,2,1,1,2,3,5,1,0,3,0,2
291,Carlik Jones,PG,24,DEN,2,4,0.5,10.2,0.5,1,,,0,,0,2,2,0,0,,0,0,0,0,0,0,0,0,2
292,Damian Jones,C,26,SAC,56,1017,0.658,7.4,0.696,0.877,0.469,0.438,0.519,0.345,29,237,266,94,131,0.718,75,171,246,69,26,47,59,130,454
293,Derrick Jones Jr.,PF,24,CHI,51,899,0.538,8.9,0.634,0.701,0.32,1,1,0.328,61,134,195,56,70,0.8,60,109,169,30,25,33,30,105,286
294,Herbert Jones,PF,23,NOP,78,2335,0.476,10.7,0.533,0.685,0.288,0.444,0.381,0.337,169,407,576,137,163,0.84,98,198,296,167,130,60,100,238,742
295,Jemerrio Jones,SF,26,LAL,2,15,0.667,2.7,0.667,1,0,,,,0,3,3,0,0,,2,1,3,0,1,0,0,2,4
296,Kai Jones,C,21,CHO,21,63,0.643,7.7,0.667,1,0.333,0,0,0.5,2,12,14,3,8,0.375,3,8,11,4,1,2,6,8,22
297,Mason Jones,SG,23,LAL,4,51,0.467,10.5,0.545,0.75,0.5,0,,0.25,4,11,15,12,15,0.8,1,9,10,4,2,0,1,8,27
298,Tre Jones,PG,22,SAS,69,1148,0.49,9.7,0.542,0.615,0.5,0.485,0.583,0.196,51,288,339,71,91,0.78,29,126,155,233,42,7,46,78,413
299,Tyus Jones,PG,25,MEM,73,1549,0.451,15.2,0.487,0.6,0.496,0.455,0.36,0.39,205,347,552,54,66,0.818,17,159,176,324,66,2,46,32,632
300,DeAndre Jordan,C,33,TOT,48,622,0.643,1.7,0.643,0.701,0.417,0,0,,0,143,143,22,40,0.55,83,181,264,21,12,35,37,71,206
300,DeAndre Jordan,C,33,LAL,32,408,0.674,1.8,0.674,0.746,0.412,,0,,0,89,89,12,26,0.462,51,121,172,13,10,26,21,50,132
300,DeAndre Jordan,C,33,PHI,16,214,0.593,1.6,0.593,0.63,0.429,0,,,0,54,54,10,14,0.714,32,60,92,8,2,9,16,21,74
301,Cory Joseph,PG,30,DET,65,1600,0.445,14.7,0.465,0.614,0.429,0.346,0.311,0.414,157,243,400,100,113,0.885,29,145,174,237,42,17,85,147,521
302,Georgios Kalaitzakis,SF,23,TOT,13,213,0.463,13.8,0.512,0.667,0.583,0.333,0,0.385,26,41,67,14,30,0.467,6,15,21,12,11,2,20,19,86
302,Georgios Kalaitzakis,SF,23,MIL,9,48,0.455,13.4,0.429,0.5,0.667,0,,0.5,4,7,11,4,9,0.444,4,4,8,0,1,1,4,8,16
302,Georgios Kalaitzakis,SF,23,OKC,4,166,0.464,13.9,0.529,0.688,0.556,0.5,0,0.364,22,34,56,10,21,0.476,2,11,13,12,10,1,16,11,70
303,Frank Kaminsky,C,28,PHO,9,181,0.545,9.2,0.608,0.65,0.577,0.75,0,0.333,15,51,66,18,20,0.9,11,30,41,13,8,7,5,14,95
304,Luke Kennard,SG,25,LAC,70,1919,0.449,20.8,0.449,0.625,0.455,0.416,0.385,0.449,423,216,639,69,77,0.896,20,209,229,146,42,6,60,101,833
305,Braxton Key,SF,24,TOT,11,197,0.458,11,0.529,0.762,0.476,0.2,0,0.286,21,51,72,7,13,0.538,13,37,50,11,10,11,11,26,79
305,Braxton Key,SF,24,PHI,2,6,0.5,12.7,1,1,,,,0,1,1,2,0,0,,1,1,2,1,1,0,2,1,2
305,Braxton Key,SF,24,DET,9,191,0.457,11,0.52,0.75,0.476,0.2,0,0.3,20,50,70,7,13,0.538,12,36,48,10,9,11,9,25,77
306,George King,SF,28,DAL,4,19,0,19.6,0,,0,,,0,4,1,5,1,2,0.5,0,5,5,0,0,0,1,4,1
307,Louis King,SF,22,SAC,10,104,0.319,20.1,0.35,1,0.333,0.25,0.333,0.296,27,20,47,7,10,0.7,0,12,12,9,2,1,0,14,45
308,Corey Kispert,SF,22,WAS,77,1801,0.455,18.1,0.629,0.791,0.515,0.565,0.353,0.35,320,194,514,54,62,0.871,53,156,209,85,35,22,50,93,634
309,Maxi Kleber,PF,30,DAL,59,1450,0.398,19.9,0.586,0.845,0.278,0.214,0.111,0.325,255,99,354,46,65,0.708,70,280,350,68,30,58,47,137,411
310,Brandon Knight,PG,30,DAL,5,65,0.4,19.4,0.75,0.857,0,,,0.235,17,8,25,8,8,1,0,8,8,8,1,0,4,5,32
311,Nathan Knight,PF,24,MIN,37,267,0.511,5.7,0.547,0.673,0.273,0,,0.308,13,75,88,44,60,0.733,32,53,85,22,7,8,18,42,138
312,Kevin Knox,SF,22,TOT,30,222,0.365,18.5,0.516,0.769,0.556,0,0.25,0.278,54,31,85,16,22,0.727,14,30,44,10,4,2,7,19,93
312,Kevin Knox,SF,22,NYK,13,111,0.375,20,0.417,1,0,0,0,0.357,28,12,40,7,10,0.7,8,14,22,3,2,1,5,5,47
312,Kevin Knox,SF,22,ATL,17,111,0.356,17.2,0.579,0.625,0.833,0,0.333,0.192,26,19,45,9,12,0.75,6,16,22,7,2,1,2,14,46
313,John Konchar,SG,25,MEM,72,1292,0.515,14.3,0.61,0.736,0.458,0.429,0.182,0.413,126,136,262,27,49,0.551,87,242,329,109,45,22,29,90,349
314,Furkan Korkmaz,SG,24,PHI,67,1414,0.387,17.4,0.515,0.739,0.314,0.5,0.292,0.289,266,204,470,68,84,0.81,22,153,175,127,33,9,48,58,509
315,Luke Kornet,C,26,TOT,15,103,0.481,7.2,0.591,0.643,0.667,0,,0,5,22,27,4,6,0.667,13,16,29,9,3,3,0,9,30
315,Luke Kornet,C,26,CLE,2,15,0.2,7.7,0.25,0.333,0,,,0,1,4,5,2,3,0.667,2,1,3,1,0,1,0,1,4
315,Luke Kornet,C,26,MIL,1,3,0,11.9,0,,,0,,,0,1,1,0,0,,1,0,1,0,0,0,0,1,0
315,Luke Kornet,C,26,BOS,12,85,0.571,6.9,0.706,0.727,0.8,0,,0,4,17,21,2,3,0.667,10,15,25,8,3,2,0,7,26
316,Vit Krejci,SG,21,OKC,30,690,0.407,17.5,0.522,0.824,0.442,0,0.429,0.327,98,69,167,19,22,0.864,18,83,101,57,19,8,29,65,187
317,Arnoldas Kulboka,SF,24,CHO,2,5,0,23.4,,,,,,0,1,0,1,0,0,,0,0,0,0,0,0,0,1,0
318,Jonathan Kuminga,SF,19,GSW,70,1185,0.513,11,0.598,0.771,0.433,0.4,0.286,0.336,149,311,460,130,190,0.684,54,180,234,64,31,22,74,146,652
319,Kyle Kuzma,PF,26,WAS,66,2204,0.452,14.8,0.526,0.744,0.498,0.386,0.311,0.341,375,561,936,156,219,0.712,70,491,561,233,42,57,169,128,1130
320,Anthony Lamb,SF,24,SAS,2,8,0,27.1,,,,,,0,2,0,2,0,0,,0,1,1,2,0,0,0,0,0
321,Jeremy Lamb,SF-SG,29,TOT,56,935,0.383,17.4,0.441,0.581,0.4,0.412,0.44,0.324,170,177,347,89,106,0.84,26,128,154,81,31,22,37,59,410
321,Jeremy Lamb,SF,29,IND,39,613,0.373,18,0.414,0.474,0.405,0.4,0.4,0.333,117,111,228,67,80,0.838,15,79,94,51,23,14,24,44,276
321,Jeremy Lamb,SG,29,SAC,17,322,0.403,16.3,0.485,0.75,0.393,0.438,0.5,0.302,53,66,119,22,26,0.846,11,49,60,30,8,8,13,15,134
322,Jock Landale,C,26,SAS,54,589,0.495,13.3,0.626,0.707,0.484,0.2,0.75,0.326,89,115,204,34,41,0.829,63,75,138,45,10,14,31,53,265
323,Romeo Langford,SG,22,TOT,48,771,0.435,14.4,0.509,0.718,0.37,0.467,0.333,0.341,85,106,191,23,42,0.548,30,78,108,21,22,16,16,47,218
323,Romeo Langford,SG,22,BOS,44,728,0.429,14.5,0.495,0.711,0.364,0.429,0.2,0.349,83,101,184,20,34,0.588,30,74,104,19,21,16,16,46,207
323,Romeo Langford,SG,22,SAS,4,43,0.571,12.3,0.8,1,0.5,1,1,0,2,5,7,3,8,0.375,0,4,4,2,1,0,0,1,11
324,Zach LaVine,SG,26,CHI,67,2328,0.476,15.2,0.534,0.7,0.451,0.343,0.408,0.389,475,711,1186,320,375,0.853,22,286,308,303,41,23,171,120,1635
325,Jake Layman,SF,27,MIN,34,231,0.411,14.4,0.579,0.773,0.222,0.25,0.667,0.229,35,38,73,13,18,0.722,6,30,36,9,7,5,10,12,81
326,Damion Lee,SG,29,GSW,63,1256,0.441,16.4,0.541,0.833,0.429,0.343,0.303,0.337,187,196,383,66,75,0.88,27,176,203,63,39,6,38,95,467
327,Saben Lee,PG,22,DET,37,604,0.39,11.2,0.47,0.597,0.341,0.143,0,0.233,60,117,177,56,71,0.789,18,69,87,107,36,12,36,44,208
328,Alex Len,C,28,SAC,39,620,0.534,7,0.568,0.712,0.441,0.455,0,0.286,21,155,176,41,63,0.651,52,109,161,45,13,25,43,100,235
329,Caris LeVert,SG,27,TOT,58,1780,0.444,12.8,0.497,0.638,0.441,0.442,0.37,0.32,256,598,854,146,193,0.756,43,171,214,248,51,23,108,131,986
329,Caris LeVert,SG,27,IND,39,1214,0.447,13,0.501,0.661,0.453,0.42,0.45,0.323,189,433,622,111,146,0.76,30,120,150,173,35,18,75,91,728
329,Caris LeVert,SG,27,CLE,19,567,0.435,12.4,0.485,0.589,0.41,0.512,0.143,0.313,67,165,232,35,47,0.745,13,51,64,75,16,5,33,40,258
330,Kira Lewis Jr.,PG,20,NOP,24,341,0.404,14.8,0.523,0.718,0.4,0.333,0.333,0.224,58,88,146,10,12,0.833,9,30,39,49,11,1,26,17,141
331,Scottie Lewis,SG,21,CHO,2,7,,,,,,,,,0,0,0,1,2,0.5,0,0,0,1,1,0,0,0,1
332,Damian Lillard,PG,31,POR,29,1056,0.402,17.9,0.485,0.561,0.308,0.439,0.464,0.324,284,268,552,159,181,0.878,13,107,120,212,17,11,83,37,695
333,Nassir Little,SF,21,POR,42,1088,0.46,14.9,0.584,0.742,0.386,0.333,0.438,0.331,154,161,315,69,94,0.734,58,178,236,54,25,36,40,82,410
334,Isaiah Livers,SF,23,DET,19,383,0.456,20.1,0.538,0.8,0.429,0.667,0.167,0.422,64,26,90,12,14,0.857,15,42,57,21,13,7,15,37,121
335,Kevon Looney,C,25,GSW,82,1732,0.571,4.6,0.573,0.675,0.554,0.292,0.2,0,1,363,364,75,125,0.6,208,388,596,165,50,52,67,215,491
336,Brook Lopez,C,33,MIL,13,298,0.466,13.2,0.538,0.821,0.346,0.091,0,0.358,53,78,131,20,23,0.87,19,34,53,6,8,15,12,34,161
337,Robin Lopez,C,33,ORL,36,612,0.553,6.2,0.56,0.714,0.512,0.364,0.333,0.333,6,193,199,32,54,0.593,68,58,126,54,2,18,44,67,254
338,Didi Louzada,SG-SF,22,TOT,9,129,0.364,20,0.3,0.5,0,0,1,0.391,23,10,33,2,2,1,5,12,17,5,2,2,5,13,35
338,Didi Louzada,SF,22,NOP,2,7,0,25.1,,,,,,0,3,0,3,0,0,,2,0,2,1,0,0,0,0,0
338,Didi Louzada,SG,22,POR,7,122,0.4,19.4,0.3,0.5,0,0,1,0.45,20,10,30,2,2,1,3,12,15,4,2,2,5,13,35
339,Kevin Love,C,33,CLE,74,1665,0.43,19.7,0.493,0.709,0.461,0.391,0.328,0.392,477,284,761,166,198,0.838,87,449,536,160,26,18,98,101,1007
340,Kyle Lowry,PG,35,MIA,63,2133,0.44,19.8,0.539,0.711,0.456,0.456,0.473,0.377,382,245,627,148,174,0.851,33,249,282,474,67,17,168,177,844
341,Gabriel Lundberg,SG,27,PHO,4,44,0.263,19.3,0.182,0,0,,0.286,0.375,8,11,19,0,0,,2,5,7,11,3,0,3,7,13
342,Timothé Luwawu-Cabarrot,SF,26,ATL,52,685,0.398,17.5,0.469,0.512,0.385,0.429,0.333,0.361,122,64,186,35,41,0.854,17,65,82,40,18,6,20,76,227
343,Trey Lyles,PF,26,TOT,75,1536,0.466,12.8,0.552,0.671,0.516,0.279,0.4,0.321,209,353,562,195,243,0.802,89,290,379,88,29,32,73,123,786
343,Trey Lyles,PF,26,DET,51,990,0.456,13.2,0.55,0.651,0.53,0.321,0.389,0.301,146,238,384,138,176,0.784,60,184,244,58,22,26,54,91,532
343,Trey Lyles,PF,26,SAC,24,547,0.489,11.8,0.557,0.709,0.488,0.2,0.5,0.365,63,115,178,57,67,0.851,29,106,135,30,7,6,19,32,254
344,Théo Maledon,PG,20,OKC,51,908,0.375,15.3,0.449,0.514,0.462,0.294,0.286,0.293,150,167,317,79,100,0.79,20,111,131,111,31,11,65,67,361
345,Sandro Mamukelashvili,PF,22,MIL,41,407,0.496,13.3,0.556,0.638,0.25,0.667,0,0.423,52,63,115,18,22,0.818,35,47,82,22,9,9,15,28,154
346,Terance Mann,SF,25,LAC,81,2317,0.484,12.3,0.535,0.69,0.46,0.4,0.298,0.365,208,482,690,128,164,0.78,104,321,425,209,55,21,84,178,872
347,Tre Mann,PG,20,OKC,60,1367,0.393,16.7,0.421,0.533,0.394,0.418,0.37,0.36,272,316,588,65,82,0.793,25,146,171,91,47,12,71,102,625
348,Boban Marjanović,C,33,DAL,23,128,0.6,7,0.621,0.783,0.552,0.417,1,0.25,4,66,70,13,22,0.591,8,31,39,3,0,3,15,24,98
349,Lauri Markkanen,SF,24,CLE,61,1878,0.445,16.5,0.548,0.679,0.446,0.326,0.5,0.358,380,323,703,138,159,0.868,59,286,345,81,45,30,54,130,900
350,Naji Marshall,SF,24,NOP,55,735,0.405,12.8,0.537,0.581,0.538,0.526,0,0.2,105,164,269,74,93,0.796,38,104,142,62,33,8,46,69,313
351,Caleb Martin,SF,26,MIA,60,1372,0.507,12.6,0.565,0.739,0.25,0.143,0.5,0.413,155,255,410,71,93,0.763,70,160,230,64,58,30,52,104,551
352,Cody Martin,SF,26,CHO,71,1866,0.482,12.1,0.542,0.679,0.345,0.316,0.227,0.384,159,264,423,75,107,0.701,82,203,285,179,88,32,61,116,544
353,Kelan Martin,SF,26,TOT,30,450,0.409,15.4,0.5,0.65,0.19,0.467,0.55,0.293,75,96,171,9,13,0.692,17,38,55,21,13,9,14,36,171
353,Kelan Martin,SF,26,IND,27,444,0.417,15.4,0.511,0.65,0.2,0.5,0.55,0.297,74,94,168,9,13,0.692,16,37,53,21,13,9,14,36,171
353,Kelan Martin,SF,26,BOS,3,6,0,14.4,0,,0,0,,0,1,2,3,0,0,,1,1,2,0,0,0,0,0,0
354,KJ Martin,SF,21,HOU,79,1656,0.533,9.8,0.617,0.739,0.371,0,,0.357,168,355,523,78,123,0.634,80,217,297,101,34,40,60,113,696
355,Garrison Mathews,SG,25,HOU,65,1712,0.399,22.5,0.6,0.771,0.316,0.25,0.25,0.36,386,75,461,143,180,0.794,32,158,190,64,57,24,41,168,650
356,Dakota Mathias,SG,26,MEM,6,16,0.333,25.1,,,,,,0.333,6,0,6,0,0,,0,2,2,1,1,0,0,1,6
357,Wesley Matthews,SG,35,MIL,49,1002,0.395,19.1,0.54,0.676,0.4,0.333,,0.338,157,63,220,22,28,0.786,30,62,92,36,23,8,18,87,249
358,Tyrese Maxey,PG,21,PHI,75,2650,0.485,12.9,0.512,0.654,0.466,0.317,0.479,0.427,309,686,995,213,246,0.866,26,214,240,321,55,32,88,156,1311
359,Skylar Mays,SG,24,ATL,28,220,0.5,12.1,0.615,0.667,0.429,0,0.75,0.32,25,39,64,8,9,0.889,5,20,25,17,7,0,10,9,80
360,Miles McBride,PG,21,NYK,40,372,0.296,19.1,0.375,0.6,0.2,0,0.308,0.25,68,40,108,8,12,0.667,4,38,42,41,14,1,5,45,89
361,Mac McClung,SG-PG,23,TOT,2,24,0.5,16.5,0.667,0.5,,,1,0.333,3,3,6,1,1,1,0,3,3,1,1,1,3,5,8
361,Mac McClung,PG,23,CHI,1,3,1,16,1,,,,1,,0,1,1,0,0,,0,0,0,0,0,0,1,0,2
361,Mac McClung,SG,23,LAL,1,22,0.4,16.6,0.5,0.5,,,,0.333,3,2,5,1,1,1,0,3,3,1,1,1,2,5,6
362,CJ McCollum,SG-PG,30,TOT,62,2145,0.46,16.2,0.509,0.642,0.441,0.497,0.49,0.388,469,695,1164,116,170,0.682,53,216,269,315,70,22,127,121,1370
362,CJ McCollum,SG,30,POR,36,1267,0.436,16.7,0.476,0.607,0.409,0.476,0.43,0.384,289,376,665,48,68,0.706,34,119,153,163,36,21,70,77,739
362,CJ McCollum,PG,30,NOP,26,878,0.493,15.6,0.549,0.688,0.476,0.523,0.561,0.394,180,319,499,68,102,0.667,19,97,116,152,34,1,57,44,631
363,T.J. McConnell,PG,29,IND,27,652,0.481,10,0.514,0.561,0.565,0.417,0.308,0.303,33,175,208,19,23,0.826,20,70,90,131,29,10,29,53,229
364,Jaden McDaniels,PF,21,MIN,70,1803,0.46,13.8,0.579,0.726,0.364,0.533,0.563,0.317,252,302,554,57,71,0.803,76,217,293,79,52,54,75,224,647
365,Jalen McDaniels,SF,24,CHO,55,895,0.484,13.4,0.562,0.75,0.386,0.231,0.75,0.38,108,146,254,53,72,0.736,37,133,170,58,26,22,36,93,340
366,Doug McDermott,PF,30,SAS,51,1223,0.462,16.6,0.512,0.646,0.395,0.464,0.538,0.422,256,209,465,40,51,0.784,18,97,115,64,13,6,43,79,578
367,JaVale McGee,C,34,PHO,74,1172,0.629,4.3,0.637,0.706,0.588,0.375,0.4,0.222,9,449,458,102,146,0.699,163,333,496,42,22,81,98,181,680
368,Cameron McGriff,SF,24,POR,3,46,0.357,13,0.375,0.4,0.5,,0,0.333,6,8,14,2,2,1,6,9,15,3,0,1,0,7,14
369,Rodney McGruder,SG,30,DET,51,754,0.436,18.2,0.506,0.605,0.37,0.4,0.75,0.397,146,79,225,19,26,0.731,31,80,111,48,21,7,24,58,273
370,Alfonzo McKinnie,SF,29,CHI,17,206,0.393,14.1,0.441,0.526,0.6,0,0.4,0.333,27,34,61,2,8,0.25,13,20,33,5,2,3,7,26,59
371,JaQuori McLaughlin,PG,24,DAL,4,11,0,21.9,0,,,,0,0,1,1,2,0,0,,0,0,0,2,0,0,0,1,0
372,Jordan McLaughlin,PG,25,MIN,62,902,0.44,13.3,0.53,0.707,0.326,0.4,1,0.318,85,115,200,30,40,0.75,22,72,94,180,57,10,38,54,233
373,Ben McLemore,SG,28,POR,64,1285,0.401,21.9,0.533,0.694,0.389,0.333,0.442,0.362,417,122,539,72,88,0.818,12,91,103,59,38,10,55,103,655
374,De'Anthony Melton,SG,23,MEM,73,1657,0.404,17.2,0.44,0.595,0.368,0.383,0.283,0.374,372,323,695,90,120,0.75,64,264,328,194,104,39,112,128,791
375,Sam Merrill,SG,25,MEM,6,58,0.333,24.4,1,1,,,,0.304,23,1,24,2,4,0.5,1,6,7,4,0,0,2,3,25
376,Chimezie Metu,C,24,SAC,60,1279,0.452,14,0.555,0.718,0.49,0.368,0.409,0.306,186,263,449,71,91,0.78,34,301,335,60,51,32,61,93,534
377,Khris Middleton,SF,30,MIL,66,2141,0.443,17.3,0.494,0.736,0.406,0.503,0.393,0.373,434,587,1021,259,291,0.89,41,315,356,358,76,18,190,160,1325
378,C.J. Miles,SG,34,BOS,1,2,,,,,,,,,0,0,0,0,0,,0,0,0,0,0,0,0,1,0
379,Patty Mills,SG,33,BRK,81,2346,0.408,21.4,0.429,0.745,0.207,0.365,0.362,0.4,568,226,794,48,59,0.814,18,138,156,183,51,17,73,112,923
380,Paul Millsap,C,36,TOT,33,375,0.391,10.9,0.463,0.537,0.429,0.3,0,0.229,35,80,115,17,24,0.708,41,73,114,29,10,13,19,67,115
380,Paul Millsap,C,36,BRK,24,270,0.376,11.1,0.448,0.531,0.389,0.286,0,0.222,27,58,85,12,17,0.706,29,60,89,24,5,11,11,48,82
380,Paul Millsap,C,36,PHI,9,106,0.433,10.2,0.5,0.556,0.5,0.333,,0.25,8,22,30,5,7,0.714,12,13,25,5,5,2,8,19,33
381,Shake Milton,SG,25,PHI,55,1179,0.429,13.4,0.481,0.7,0.402,0.4,0.304,0.323,133,270,403,61,73,0.836,30,112,142,139,28,17,44,99,450
382,Davion Mitchell,PG,23,SAC,75,2076,0.418,15.6,0.48,0.642,0.438,0.352,0.42,0.316,320,523,843,56,85,0.659,33,133,166,313,55,24,114,141,861
383,Donovan Mitchell,SG,25,UTA,67,2266,0.448,16.7,0.533,0.708,0.465,0.519,0.434,0.355,654,722,1376,267,313,0.853,55,227,282,358,99,12,200,164,1733
384,Evan Mobley,PF,20,CLE,69,2331,0.508,8.4,0.541,0.758,0.38,0.445,0.323,0.25,92,738,830,167,252,0.663,143,427,570,174,56,115,133,147,1034
385,Malik Monk,SG,23,LAL,76,2139,0.473,16.3,0.568,0.725,0.448,0.393,0.303,0.391,442,384,826,93,117,0.795,37,219,256,218,61,29,122,138,1048
386,Greg Monroe,C,31,TOT,14,195,0.561,3.1,0.561,0.694,0.35,,0,,0,57,57,12,23,0.522,30,34,64,22,8,10,12,24,76
386,Greg Monroe,C,31,MIN,4,81,0.591,3.7,0.591,0.917,0.222,,0,,0,22,22,3,7,0.429,6,18,24,16,4,6,7,9,29
386,Greg Monroe,C,31,WAS,2,18,0.5,2.3,0.5,0.667,0,,,,0,8,8,0,0,,7,3,10,1,1,1,2,2,8
386,Greg Monroe,C,31,MIL,5,70,0.5,3,0.5,0.429,0.625,,,,0,22,22,5,9,0.556,11,10,21,2,3,2,3,7,27
386,Greg Monroe,C,31,UTA,3,26,0.8,2.5,0.8,1,0,,,,0,5,5,4,7,0.571,6,3,9,3,0,1,0,6,12
387,Moses Moody,SG,19,GSW,52,607,0.437,17.5,0.548,0.641,0.467,0.667,0.2,0.364,110,73,183,28,36,0.778,17,63,80,23,7,10,13,43,228
388,Xavier Moon,SG,27,LAC,10,137,0.49,16.4,0.541,0.4,0.286,0.556,0.688,0.357,14,37,51,3,5,0.6,2,12,14,24,7,3,6,9,58
389,Matt Mooney,SG,25,NYK,1,2,0,25.1,,,,,,0,1,0,1,0,0,,0,0,0,0,1,0,1,0,0
390,Ja Morant,PG,22,MEM,57,1889,0.493,10.3,0.534,0.706,0.433,0.384,0.241,0.344,256,921,1177,316,415,0.761,77,248,325,384,66,22,196,86,1564
391,Juwan Morgan,PF,24,TOT,2,31,0.667,17.1,1,1,,,,0.5,2,1,3,0,0,,2,2,4,1,0,0,0,3,5
391,Juwan Morgan,PF,24,TOR,1,27,0.667,17.1,1,1,,,,0.5,2,1,3,0,0,,2,2,4,1,0,0,0,3,5
391,Juwan Morgan,PF,24,BOS,1,4,,,,,,,,,0,0,0,0,0,,0,0,0,0,0,0,0,0,0
392,Jaylen Morris,SG,26,SAS,3,16,0,11.6,0,0,0,,,0,2,4,6,2,4,0.5,0,2,2,2,0,0,1,2,2
393,Marcus Morris,PF,32,LAC,54,1564,0.434,17.6,0.478,0.688,0.49,0.47,0.424,0.367,275,416,691,129,148,0.872,26,213,239,113,28,18,69,115,830
394,Markieff Morris,PF,32,MIA,17,298,0.474,14.8,0.547,0.75,0.45,0.5,0.538,0.333,39,75,114,8,9,0.889,17,28,45,23,6,1,20,33,129
395,Monte Morris,PG,26,DEN,75,2239,0.484,16.1,0.545,0.725,0.491,0.49,0.466,0.395,314,459,773,73,84,0.869,27,199,226,333,56,14,78,92,945
396,Emmanuel Mudiay,PG,25,SAC,2,11,0,13,0,,,0,,,0,2,2,3,4,0.75,0,0,0,4,1,0,1,1,3
397,Mychal Mulder,PG,27,TOT,17,240,0.312,19.7,0.304,0.556,0,0.5,0.25,0.315,54,23,77,4,4,1,2,22,24,5,4,2,8,13,69
397,Mychal Mulder,PG,27,ORL,15,195,0.299,19.4,0.333,0.556,0,0.5,0.333,0.283,46,21,67,2,2,1,2,19,21,3,4,1,8,12,55
397,Mychal Mulder,PG,27,MIA,2,44,0.4,22.2,0,,0,,0,0.5,8,2,10,2,2,1,0,3,3,2,0,1,0,1,14
398,Ade Murkey,SG,24,SAC,1,1,,,,,,,,,0,0,0,0,0,,0,0,0,0,0,0,0,0,0
399,Trey Murphy III,SF,21,NOP,62,864,0.394,18.5,0.418,0.582,0.167,0.2,0.143,0.382,186,91,277,45,51,0.882,47,100,147,38,23,7,16,60,334
400,Dejounte Murray,PG,25,SAS,68,2366,0.462,12.7,0.504,0.665,0.418,0.456,0.451,0.327,294,947,1241,196,247,0.794,80,483,563,627,138,23,180,138,1438
401,Mike Muscala,C,30,OKC,43,592,0.456,19.6,0.506,0.688,0.458,0.318,0.429,0.429,163,85,248,48,57,0.842,21,108,129,22,18,26,14,58,344
402,Svi Mykhailiuk,SF,24,TOR,56,716,0.389,17,0.5,0.588,0.522,0.286,0.333,0.306,134,100,234,32,37,0.865,20,72,92,45,26,4,32,54,255
403,Abdel Nader,SF,28,PHO,14,145,0.343,12.9,0.381,0.727,0,,,0.286,14,21,35,6,10,0.6,4,23,27,7,8,4,11,20,34
404,Larry Nance Jr.,C-PF,29,TOT,46,1040,0.522,9.9,0.599,0.704,0.476,0.214,0.333,0.329,70,177,247,40,57,0.702,72,176,248,81,43,20,37,84,321
404,Larry Nance Jr.,C,29,POR,37,858,0.515,10.5,0.61,0.674,0.563,0.3,0.4,0.306,62,136,198,32,49,0.653,58,151,209,73,38,13,27,67,255
404,Larry Nance Jr.,PF,29,NOP,9,182,0.551,7.6,0.561,0.808,0.2,0,0,0.5,8,41,49,8,8,1,14,25,39,8,5,7,10,17,66
405,RJ Nembhard Jr.,SG,22,CLE,14,63,0.333,8,0.375,0.857,0,0,0,0,2,16,18,3,4,0.75,3,4,7,12,1,0,3,2,15
406,Aaron Nesmith,SF,22,BOS,52,574,0.396,18.4,0.612,0.87,0.464,0.167,0.7,0.27,115,67,182,21,26,0.808,15,74,89,22,20,5,31,70,196
407,Raul Neto,PG,29,WAS,70,1372,0.463,12,0.526,0.667,0.449,0.471,0.545,0.292,120,321,441,83,108,0.769,13,121,134,217,55,3,79,104,526
408,Malik Newman,PG,24,CLE,1,8,0.6,14.8,0.75,1,,1,0,0,1,4,5,2,2,1,0,1,1,1,0,0,1,0,8
409,Georges Niang,PF,28,PHI,76,1736,0.437,19.1,0.511,0.627,0.465,0.389,0.2,0.403,387,176,563,52,59,0.881,25,178,203,102,30,13,59,190,700
410,Daishen Nix,SG,19,HOU,24,261,0.403,12.7,0.488,0.667,0.25,,0,0.269,26,41,67,16,30,0.533,7,26,33,40,15,0,26,21,77
411,Zeke Nnaji,PF,21,DEN,41,698,0.516,13.1,0.557,0.727,0.241,0,0.4,0.463,80,106,186,41,65,0.631,56,91,147,17,16,13,23,79,270
412,Nerlens Noel,C,27,NYK,25,562,0.533,5.9,0.561,0.563,0.533,0.6,,0,3,57,60,21,30,0.7,48,93,141,23,30,31,20,67,85
413,Jaylen Nowell,SG,22,MIN,62,975,0.475,14.1,0.526,0.679,0.43,0.508,0.353,0.394,160,253,413,72,92,0.783,22,101,123,130,27,10,36,73,527
414,Frank Ntilikina,SG,23,DAL,58,685,0.399,17.5,0.455,0.462,0.429,0.429,0.5,0.342,111,112,223,24,25,0.96,12,67,79,69,27,7,31,61,240
415,Jusuf Nurkić,C,27,POR,56,1579,0.535,5.9,0.563,0.653,0.481,0.278,0.364,0.268,56,544,600,185,268,0.69,167,452,619,157,62,34,143,189,842
416,David Nwaba,SF,29,HOU,46,609,0.483,9,0.551,0.656,0.294,0.333,,0.306,49,127,176,48,67,0.716,41,110,151,35,28,20,21,55,233
417,Jordan Nwora,SF,23,MIL,62,1185,0.403,16.8,0.455,0.667,0.35,0.333,0.302,0.348,227,235,462,36,43,0.837,37,184,221,59,25,17,57,78,487
418,Royce O'Neale,SF,28,UTA,77,2406,0.457,18.7,0.609,0.686,0.532,0,,0.389,306,138,444,45,56,0.804,64,304,368,191,86,32,79,183,570
419,Semi Ojeleye,PF,27,TOT,30,406,0.303,16.5,0.306,0.667,0.269,0.143,,0.3,50,49,99,23,29,0.793,27,47,74,9,7,6,9,30,98
419,Semi Ojeleye,PF,27,MIL,20,308,0.257,17.9,0.241,0.667,0.188,0,,0.268,41,29,70,10,13,0.769,25,33,58,5,5,5,5,26,57
419,Semi Ojeleye,PF,27,LAC,10,98,0.414,13.2,0.4,0.667,0.4,0.286,,0.444,9,20,29,13,16,0.813,2,14,16,4,2,1,4,4,41
420,Chuma Okeke,PF,23,ORL,70,1749,0.376,18.6,0.48,0.658,0.413,0.346,0.211,0.318,371,204,575,55,65,0.846,47,300,347,118,97,42,57,95,605
421,Josh Okogie,SG,23,MIN,49,516,0.404,12.3,0.491,0.526,0.444,0,,0.298,47,57,104,35,51,0.686,29,41,70,25,26,12,23,53,133
422,Onyeka Okongwu,C,21,ATL,48,992,0.69,2.7,0.69,0.765,0.522,0.667,,,0,226,226,80,110,0.727,115,168,283,53,31,60,44,149,392
423,Isaac Okoro,SF,21,CLE,67,1981,0.48,10.4,0.555,0.648,0.264,0.25,0.143,0.35,157,274,431,119,155,0.768,72,129,201,121,56,22,58,164,588
424,KZ Okpala,PF,22,MIA,21,244,0.435,12,0.488,0.545,0.5,0.25,0,0.346,26,43,69,8,11,0.727,11,30,41,14,4,7,5,25,77
425,Victor Oladipo,SG,29,MIA,8,173,0.479,16.9,0.541,0.667,0.286,0.667,0.333,0.417,36,37,73,14,19,0.737,3,20,23,28,5,1,16,13,99
426,Cameron Oliver,SF,25,ATL,2,43,0.667,7.8,0.75,0.667,1,,1,0.333,3,12,15,2,3,0.667,2,4,6,3,1,1,0,5,23
427,Kelly Olynyk,C,30,DET,40,764,0.448,14.2,0.527,0.64,0.38,0.385,0.5,0.336,119,167,286,69,89,0.775,54,123,177,111,31,19,58,100,365
428,Eugene Omoruyi,SF,24,DAL,4,18,0.4,17.7,0.333,,1,0,0,0.5,2,3,5,2,4,0.5,2,5,7,2,0,0,0,2,7
429,Miye Oni,SG,24,UTA,16,44,0.222,21.8,1,1,,,,0.125,8,1,9,0,1,0,1,6,7,5,0,0,1,7,5
430,Cedi Osman,SF,26,CLE,66,1462,0.432,17.9,0.559,0.654,0.443,0.2,0.417,0.357,359,213,572,87,131,0.664,25,121,146,135,52,10,67,127,709
431,Daniel Oturu,C,22,TOR,3,27,0.5,6.8,0.6,0.667,0.5,,,0,1,5,6,3,5,0.6,1,4,5,0,0,2,0,1,9
432,Kelly Oubre Jr.,SF,26,CHO,76,1999,0.44,16.9,0.578,0.716,0.425,0.308,0.417,0.345,553,379,932,126,189,0.667,79,223,302,84,77,31,67,189,1137
433,Jaysean Paige,PG,27,DET,1,7,0,23.7,0,,,,0,0,2,1,3,0,0,,0,1,1,1,0,0,1,2,0
434,Trayvon Palmer,SG,27,DET,1,17,0,4,0,,0,,,,0,1,1,0,0,,0,2,2,0,0,0,1,2,0
435,Kevin Pangos,PG,29,CLE,24,166,0.326,17.8,0.45,0.6,0.364,0.5,0.5,0.231,26,20,46,3,4,0.75,2,9,11,30,3,0,7,11,39
436,Jabari Parker,PF,26,BOS,12,112,0.474,16.6,0.455,0.75,0.286,0,0.333,0.5,16,22,38,9,9,1,5,23,28,6,4,1,8,13,53
437,Eric Paschall,PF,25,UTA,58,737,0.485,13.4,0.583,0.649,0.512,0.25,1,0.37,108,127,235,66,86,0.767,30,76,106,36,9,5,27,51,334
438,Chris Paul,PG,36,PHO,65,2139,0.493,16.4,0.559,0.72,0.543,0.592,0.482,0.317,199,537,736,169,202,0.837,22,261,283,702,121,20,153,134,958
439,Cameron Payne,PG,27,PHO,58,1278,0.409,13.8,0.449,0.536,0.381,0.53,0.333,0.336,211,376,587,75,89,0.843,24,151,175,282,40,17,103,119,626
440,Elfrid Payton,PG,27,PHO,50,549,0.383,8,0.401,0.5,0.372,0.353,0.25,0.222,18,157,175,12,32,0.375,21,67,88,99,25,6,47,38,150
441,Gary Payton II,SG,29,GSW,71,1248,0.616,10.4,0.754,0.825,0.655,0,0.5,0.358,120,224,344,35,58,0.603,72,175,247,64,96,22,40,131,502
442,Norvel Pelle,C,28,UTA,3,19,0.6,0.4,0.6,0.6,,,,,0,5,5,0,0,,3,3,6,0,0,1,2,1,6
443,Reggie Perry,PF,21,TOT,10,187,0.506,10.5,0.587,0.815,0.333,0.429,0.625,0.188,16,63,79,9,15,0.6,15,32,47,12,9,6,11,33,92
443,Reggie Perry,PF,21,POR,9,177,0.5,10.4,0.581,0.815,0.333,0.429,0.571,0.188,16,62,78,9,15,0.6,15,31,46,12,9,6,11,30,90
443,Reggie Perry,PF,21,IND,1,10,1,20.1,1,,,,1,,0,1,1,0,0,,0,1,1,0,0,0,0,3,2
444,Jamorko Pickett,PF,24,DET,13,176,0.36,21.1,0.455,0.5,0.5,,0,0.333,39,11,50,1,2,0.5,6,26,32,7,0,7,5,12,50
445,Theo Pinson,SF,26,DAL,19,148,0.359,21.9,0.444,0.5,0.333,0,0.667,0.333,30,9,39,10,10,1,2,19,21,17,5,2,5,12,48
446,Mason Plumlee,C,31,CHO,73,1793,0.641,3.1,0.645,0.752,0.424,0.357,0,0,2,318,320,67,171,0.392,176,389,565,226,61,52,100,224,477
447,Jakob Poeltl,C,26,SAS,68,1970,0.618,4.7,0.618,0.747,0.514,0.477,0.333,1,1,662,663,94,190,0.495,262,372,634,189,45,118,109,212,915
448,Aleksej Pokusevski,PF,20,OKC,61,1233,0.408,14.6,0.498,0.703,0.416,0.344,0.304,0.289,197,259,456,35,50,0.7,73,245,318,131,39,38,94,88,464
449,Yves Pons,SF,22,MEM,12,71,0.313,15,0.286,0.25,0,1,,0.333,9,7,16,0,2,0,5,7,12,1,1,4,1,6,13
450,Jordan Poole,SG,22,GSW,76,2283,0.448,17.8,0.55,0.68,0.523,0.457,0.431,0.364,580,478,1058,246,266,0.925,34,226,260,304,60,23,187,206,1405
451,Kevin Porter Jr.,PG,21,HOU,61,1907,0.415,16.5,0.456,0.646,0.291,0.362,0.351,0.375,413,395,808,124,193,0.642,43,224,267,376,69,22,192,156,949
452,Michael Porter Jr.,SF,23,DEN,9,265,0.359,17.2,0.491,0.706,0.3,0.273,0.529,0.208,48,55,103,5,9,0.556,9,50,59,17,10,2,12,16,89
453,Otto Porter Jr.,PF,28,GSW,63,1396,0.464,16.7,0.565,0.746,0.515,0.444,0.414,0.37,216,200,416,49,61,0.803,86,276,362,94,68,29,37,83,515
454,Bobby Portis,C,26,MIL,72,2028,0.479,14.5,0.533,0.644,0.497,0.455,0.437,0.393,338,533,871,85,113,0.752,180,477,657,86,53,51,90,174,1052
455,Kristaps Porziņģis,PF,26,TOT,51,1481,0.459,14.3,0.532,0.762,0.414,0.42,0.456,0.31,252,515,767,248,286,0.867,102,309,411,119,37,84,81,137,1030
455,Kristaps Porziņģis,PF,26,DAL,34,1002,0.451,14.3,0.537,0.778,0.427,0.392,0.41,0.283,173,335,508,147,170,0.865,64,197,261,69,25,59,53,88,654
455,Kristaps Porziņģis,PF,26,WAS,17,479,0.475,14.3,0.522,0.723,0.397,0.478,0.517,0.367,79,180,259,101,116,0.871,38,112,150,50,12,25,28,49,376
456,Micah Potter,C,23,DET,3,31,0.455,8.3,0.556,0.5,0.667,0.5,,0,2,9,11,2,2,1,4,5,9,0,1,1,1,4,12
457,Dwight Powell,C,30,DAL,82,1798,0.671,4.6,0.703,0.792,0.422,0.375,0.125,0.351,37,364,401,166,212,0.783,173,231,404,97,37,39,64,220,717
458,Myles Powell,PG,24,PHI,11,52,0.294,13.5,0.364,0.667,0,,0,0.167,6,11,17,2,2,1,1,5,6,3,1,0,3,8,13
459,Norman Powell,SF-SG,28,TOT,45,1458,0.461,14.4,0.491,0.568,0.407,0.514,0.426,0.419,253,352,605,189,233,0.811,20,125,145,96,42,21,69,106,853
459,Norman Powell,SF,28,POR,40,1333,0.456,14.4,0.492,0.559,0.409,0.464,0.469,0.406,229,313,542,159,198,0.803,17,114,131,82,40,17,62,92,746
459,Norman Powell,SG,28,LAC,5,125,0.508,14.2,0.487,0.667,0.4,0.714,0,0.542,24,39,63,30,35,0.857,3,11,14,14,2,4,7,14,107
460,Joshua Primo,SF,19,SAS,50,965,0.374,15.9,0.444,0.611,0.375,0.263,0.25,0.307,137,133,270,44,59,0.746,32,81,113,81,20,23,57,79,288
461,Taurean Prince,PF,27,MIN,69,1177,0.454,17.2,0.565,0.676,0.463,0.625,0.333,0.376,229,161,390,62,82,0.756,26,148,174,68,47,23,53,116,502
462,Payton Pritchard,PG,24,BOS,71,1001,0.429,20.6,0.461,0.629,0.353,0.478,0.389,0.412,245,128,373,21,21,1,32,102,134,139,25,6,41,61,442
463,Trevelin Queen,SG,24,HOU,10,74,0.455,19.6,0.667,0.75,0,,,0.375,24,9,33,4,4,1,7,9,16,4,5,1,7,6,43
464,Neemias Queta,C,22,SAC,15,120,0.447,5.4,0.447,0.529,0.5,0.2,0,,0,38,38,11,17,0.647,14,17,31,6,1,8,6,18,45
465,Immanuel Quickley,PG,22,NYK,78,1802,0.392,18.4,0.448,0.631,0.421,0.404,0.354,0.346,396,328,724,177,201,0.881,31,216,247,275,54,3,99,167,882
466,Jahmi'us Ramsey,SG,20,SAC,19,134,0.414,12.4,0.475,0.667,0.231,0.25,0.6,0.278,18,40,58,7,14,0.5,4,9,13,7,1,1,5,10,60
467,Julius Randle,PF,27,NYK,72,2544,0.411,13.8,0.458,0.627,0.368,0.374,0.335,0.308,390,856,1246,303,401,0.756,125,591,716,370,53,39,245,205,1447
468,Austin Reaves,SG,23,LAL,61,1418,0.459,16.6,0.616,0.746,0.56,0.571,0.231,0.317,167,151,318,99,118,0.839,45,148,193,110,29,20,40,87,444
469,Cam Reddish,SF,22,TOT,49,1012,0.404,15.7,0.442,0.593,0.471,0.273,0.279,0.359,184,224,408,101,112,0.902,25,80,105,48,47,15,57,60,497
469,Cam Reddish,SF,22,ATL,34,797,0.402,15.8,0.421,0.583,0.447,0.293,0.231,0.379,153,190,343,72,80,0.9,20,64,84,38,35,11,44,45,406
469,Cam Reddish,SF,22,NYK,15,215,0.415,15.1,0.559,0.643,0.538,0,0.75,0.258,31,34,65,29,32,0.906,5,16,21,10,12,4,13,15,91
470,Davon Reed,SG,26,DEN,48,668,0.503,18,0.587,0.688,0.5,0.583,0.619,0.43,86,75,161,10,15,0.667,14,94,108,53,24,9,16,63,209
471,Paul Reed,C,22,PHI,38,302,0.563,5.4,0.591,0.767,0.19,0.25,0.333,0.25,8,88,96,6,14,0.429,44,48,92,16,33,14,10,57,116
472,Naz Reid,C,22,MIN,77,1215,0.489,10.6,0.568,0.684,0.379,0.5,,0.343,166,310,476,114,149,0.765,102,199,301,71,40,71,82,172,637
473,Nick Richards,C,24,CHO,50,367,0.667,2.7,0.667,0.774,0.36,1,,,0,90,90,30,43,0.698,34,52,86,13,9,21,24,51,150
474,Josh Richardson,SG,28,TOT,65,1600,0.438,17.2,0.458,0.655,0.39,0.432,0.396,0.415,246,288,534,96,108,0.889,42,143,185,115,56,29,66,116,666
474,Josh Richardson,SG,28,BOS,44,1087,0.443,17.1,0.481,0.703,0.453,0.4,0.432,0.397,156,187,343,61,71,0.859,26,99,125,66,34,23,39,82,427
474,Josh Richardson,SG,28,SAS,21,513,0.429,17.4,0.416,0.571,0.276,0.486,0.313,0.444,90,101,191,35,37,0.946,16,44,60,49,22,6,27,34,239
475,Austin Rivers,SG,29,DEN,67,1480,0.417,17.9,0.563,0.75,0.453,0.143,0,0.342,231,119,350,32,44,0.727,19,95,114,90,51,6,54,121,403
476,Duncan Robinson,SG,27,MIA,79,2043,0.399,22.7,0.569,0.679,0.393,0.556,0.444,0.372,624,102,726,51,61,0.836,24,179,203,129,42,14,60,201,863
477,Justin Robinson,PG,24,TOT,25,304,0.301,21.4,0.313,0.833,0.143,0.182,0.25,0.295,61,32,93,4,8,0.5,4,17,21,32,9,1,17,27,78
477,Justin Robinson,PG,24,MIL,17,198,0.316,20.9,0.4,1,0.25,0.25,0,0.27,37,20,57,2,2,1,2,11,13,21,8,0,11,17,48
477,Justin Robinson,PG,24,SAC,3,15,0.125,16.2,0.2,,0,0,1,0,3,5,8,0,0,,0,1,1,2,0,0,1,2,2
477,Justin Robinson,PG,24,DET,5,91,0.321,23.7,0.143,0,0,0,0.25,0.381,21,7,28,2,6,0.333,2,5,7,9,1,1,5,8,28
478,Mitchell Robinson,C,23,NYK,72,1848,0.761,1.2,0.761,0.781,0.536,,,,0,343,343,88,181,0.486,295,322,617,38,58,133,60,195,610
479,Jeremiah Robinson-Earl,C,21,OKC,49,1087,0.414,15.3,0.478,0.608,0.429,0.2,0.273,0.352,165,159,324,40,54,0.741,75,199,274,49,29,15,39,75,366
480,Isaiah Roby,PF,23,OKC,45,948,0.514,10.8,0.545,0.699,0.425,0.3,0.4,0.444,99,224,323,78,116,0.672,75,142,217,71,36,34,43,109,454
481,Rajon Rondo,PG,35,TOT,39,698,0.386,16.1,0.42,0.641,0.233,0.313,0,0.352,88,88,176,19,26,0.731,15,93,108,170,30,6,68,56,186
481,Rajon Rondo,PG,35,LAL,18,289,0.324,14.1,0.366,0.611,0.125,0.333,0,0.267,30,41,71,1,2,0.5,10,39,49,67,12,5,34,25,55
481,Rajon Rondo,PG,35,CLE,21,409,0.429,17.4,0.468,0.667,0.357,0.3,0,0.397,58,47,105,18,24,0.75,5,54,59,103,18,1,34,31,131
482,Derrick Rose,PG,33,NYK,26,636,0.445,13.4,0.467,0.582,0.508,0.292,0.25,0.402,92,182,274,30,31,0.968,21,57,78,103,22,12,39,15,311
483,Terrence Ross,SG,30,ORL,63,1448,0.397,18,0.493,0.7,0.435,0.523,0.347,0.292,264,290,554,112,130,0.862,20,141,161,116,28,12,75,68,629
484,Terry Rozier,SG,27,CHO,73,2458,0.444,16.4,0.516,0.649,0.396,0.521,0.44,0.374,593,574,1167,150,176,0.852,56,259,315,326,93,25,96,119,1408
485,Ricky Rubio,PG,31,CLE,34,970,0.363,15.4,0.38,0.481,0.294,0.375,0.313,0.339,174,237,411,88,103,0.854,15,126,141,225,49,7,90,75,445
486,D'Angelo Russell,PG,25,MIN,65,2077,0.411,18.2,0.492,0.696,0.392,0.465,0.396,0.34,518,457,975,198,240,0.825,25,191,216,460,62,22,165,130,1176
487,Matt Ryan,SF,24,BOS,1,5,0.2,25.6,,,,,,0.2,5,0,5,0,0,,0,0,0,0,1,0,0,0,3
488,Domantas Sabonis,PF,25,TOT,62,2136,0.573,7.6,0.623,0.739,0.517,0.389,0.219,0.312,125,648,773,246,332,0.741,201,551,752,323,59,27,195,203,1171
488,Domantas Sabonis,PF,25,IND,47,1632,0.58,7.9,0.639,0.75,0.504,0.292,0.278,0.324,108,463,571,191,258,0.74,155,412,567,236,46,22,143,146,888
488,Domantas Sabonis,PF,25,SAC,15,504,0.554,6.8,0.584,0.699,0.539,0.583,0.143,0.235,17,185,202,55,74,0.743,46,139,185,87,13,5,52,57,283
489,Olivier Sarr,C,22,OKC,22,421,0.574,10.8,0.625,0.667,0.575,0.857,0,0.448,29,72,101,24,29,0.828,34,59,93,19,6,15,22,52,153
490,Tomáš Satoranský,SG-PG-SF,30,TOT,55,906,0.377,13,0.442,0.63,0.333,0.379,0.333,0.208,53,138,191,43,54,0.796,27,99,126,184,29,5,46,71,198
490,Tomáš Satoranský,SG,30,NOP,32,481,0.299,12.7,0.355,0.52,0.286,0.375,0,0.161,31,76,107,19,25,0.76,18,46,64,76,14,1,23,33,88
490,Tomáš Satoranský,SF,30,SAS,1,9,,,,,,,,,0,0,0,3,4,0.75,0,1,1,0,0,0,0,0,3
490,Tomáš Satoranský,PG,30,WAS,22,416,0.476,13.3,0.548,0.762,0.412,0.385,0.545,0.273,22,62,84,21,25,0.84,9,52,61,108,15,4,23,38,107
491,Jordan Schakel,SG,23,WAS,4,30,0.091,17.8,0,0,0,,0,0.167,6,5,11,2,2,1,2,6,8,0,1,0,1,0,5
492,Admiral Schofield,SF,24,ORL,38,469,0.419,17.6,0.56,0.632,0.481,0.667,1,0.329,79,50,129,12,15,0.8,17,72,89,25,4,5,21,58,146
493,Dennis Schröder,PG,28,TOT,64,1837,0.431,14.7,0.477,0.639,0.442,0.374,0.427,0.344,250,474,724,157,184,0.853,34,180,214,296,53,8,143,154,867
493,Dennis Schröder,PG,28,BOS,49,1433,0.44,14.5,0.485,0.653,0.471,0.403,0.388,0.349,192,392,584,123,145,0.848,28,136,164,208,41,5,104,116,704
493,Dennis Schröder,PG,28,HOU,15,404,0.393,15.6,0.439,0.593,0.28,0.214,0.625,0.328,58,82,140,34,39,0.872,6,44,50,88,12,3,39,38,163
494,Tre Scott,SF,25,CLE,2,11,0.5,8.2,0.6,0.667,1,0,,0,1,5,6,0,0,,1,1,2,0,1,1,0,2,6
495,Jay Scrubb,SG,21,LAC,18,121,0.391,16.2,0.48,0.545,0.5,0.5,0.25,0.286,21,25,46,7,10,0.7,2,14,16,8,4,3,7,9,49
496,Wayne Selden,SG,27,NYK,3,19,0.25,15.9,0,,0,,,0.5,2,2,4,2,4,0.5,0,1,1,1,0,0,0,1,5
497,Alperen Sengun,C,19,HOU,72,1489,0.474,9,0.539,0.671,0.385,0.318,0.4,0.248,117,408,525,165,232,0.711,138,255,393,185,59,68,145,214,692
498,Collin Sexton,SG,23,CLE,11,316,0.45,11.8,0.538,0.739,0.385,0.4,0.364,0.244,45,106,151,29,39,0.744,13,23,36,23,10,0,31,25,176
499,Landry Shamet,SG,24,PHO,69,1437,0.394,20,0.45,0.628,0.34,0.393,0.444,0.368,334,151,485,68,81,0.84,16,110,126,108,28,9,41,92,573
500,Day'Ron Sharpe,PF,20,BRK,32,391,0.577,3.2,0.592,0.652,0.333,0.333,,0.286,7,142,149,24,41,0.585,81,79,160,17,10,15,30,60,198
501,Pascal Siakam,PF,27,TOR,68,2578,0.494,11.2,0.527,0.716,0.498,0.447,0.371,0.344,218,989,1207,284,379,0.749,128,452,580,360,85,42,181,225,1551
502,Chris Silva,PF,25,TOT,10,91,0.533,4,0.533,0.75,0.333,,0,,0,15,15,10,12,0.833,13,23,36,7,0,1,8,20,26
502,Chris Silva,PF,25,MIN,1,3,,,,,,,,,0,0,0,0,0,,0,1,1,0,0,0,0,0,0
502,Chris Silva,PF,25,MIA,9,88,0.533,4,0.533,0.75,0.333,,0,,0,15,15,10,12,0.833,13,22,35,7,0,1,8,20,26
503,Marko Simonovic,C,22,CHI,9,35,0.267,12.2,0.3,0.6,0,,0,0.2,5,10,15,8,11,0.727,5,5,10,0,1,1,2,6,17
504,Anfernee Simons,SG,22,POR,57,1681,0.443,19,0.49,0.567,0.489,0.483,0.417,0.405,442,355,797,103,116,0.888,26,125,151,221,30,6,115,110,988
505,Zavier Simpson,PG,24,OKC,4,174,0.365,9.1,0.409,0.538,0.391,0.4,0,0.125,8,44,52,5,5,1,2,19,21,30,5,4,10,15,44
506,Jericho Sims,PF,23,NYK,41,555,0.722,2,0.722,0.795,0.5,0,,,0,54,54,12,29,0.414,61,108,169,21,11,22,20,66,90
507,Deividas Sirvydis,SG,21,DET,3,27,0.1,19.4,0,0,0,,,0.143,7,3,10,0,0,,0,6,6,1,3,1,0,4,3
508,Javonte Smart,PG,22,TOT,17,200,0.317,16.3,0.333,0.545,0.3,0.125,0.25,0.296,27,33,60,5,6,0.833,5,19,24,16,6,3,11,12,51
508,Javonte Smart,PG,22,MIL,13,160,0.256,15.4,0.28,0.556,0,0.167,0.25,0.222,18,25,43,5,6,0.833,4,15,19,14,4,2,9,11,31
508,Javonte Smart,PG,22,MIA,4,40,0.471,18.5,0.5,0.5,0.75,0,,0.444,9,8,17,0,0,,1,4,5,2,2,1,2,1,20
509,Marcus Smart,PG,27,BOS,71,2296,0.418,16.1,0.506,0.695,0.439,0.5,0.105,0.331,360,358,718,142,179,0.793,42,228,270,417,119,18,159,160,861
510,Dennis Smith Jr.,PG,24,POR,37,638,0.418,9,0.451,0.522,0.431,0.235,0.45,0.222,27,162,189,42,64,0.656,20,68,88,132,45,12,51,52,206
511,Ish Smith,PG,33,TOT,65,1126,0.43,13.3,0.441,0.5,0.392,0.364,0.487,0.373,67,363,430,15,24,0.625,25,115,140,244,47,23,78,78,410
511,Ish Smith,PG,33,CHO,37,511,0.395,11.7,0.394,0.489,0.282,0.368,0.417,0.4,25,160,185,12,19,0.632,11,46,57,98,20,10,36,34,168
511,Ish Smith,PG,33,WAS,28,615,0.457,14.4,0.478,0.513,0.514,0.36,0.519,0.357,42,203,245,3,5,0.6,14,69,83,146,27,13,42,44,242
512,Jalen Smith,PF,21,TOT,51,924,0.503,12.4,0.596,0.765,0.5,0.364,0.389,0.328,122,228,350,78,102,0.765,101,206,307,24,15,41,42,96,470
512,Jalen Smith,PF,21,PHO,29,382,0.46,11.4,0.551,0.706,0.556,0.2,0.333,0.231,39,98,137,40,52,0.769,55,84,139,6,6,18,22,52,175
512,Jalen Smith,PF,21,IND,22,543,0.531,13.1,0.631,0.794,0.439,0.5,0.444,0.373,83,130,213,38,50,0.76,46,122,168,18,9,23,20,44,295
513,Xavier Sneed,SF,24,TOT,9,39,0.2,20.9,0.5,1,,0,,0.125,8,2,10,0,0,,2,4,6,1,0,0,0,2,5
513,Xavier Sneed,SF,24,MEM,2,8,0,24.3,,,,,,0,2,0,2,0,0,,1,1,2,0,0,0,0,2,0
513,Xavier Sneed,SF,24,UTA,7,31,0.25,20.1,0.5,1,,0,,0.167,6,2,8,0,0,,1,3,4,1,0,0,0,0,5
514,Tony Snell,SG,30,TOT,53,822,0.404,20,0.558,0.722,0.375,0.5,0.667,0.352,128,43,171,4,4,1,16,87,103,28,16,9,19,70,187
514,Tony Snell,SG,30,POR,38,546,0.371,20.8,0.545,0.5,0.429,0.6,1,0.32,75,22,97,3,3,1,11,61,72,20,8,7,11,44,99
514,Tony Snell,SG,30,NOP,15,277,0.446,18.9,0.571,0.9,0.333,0,0,0.396,53,21,74,1,1,1,5,26,31,8,8,2,8,26,88
515,Jaden Springer,SG,19,PHI,2,6,1,9.1,1,,1,,,,0,1,1,0,0,,1,1,2,0,0,2,1,0,2
516,Cassius Stanley,SG,22,DET,9,155,0.413,12.5,0.517,0.571,0.526,0.5,0,0.235,17,29,46,10,10,1,5,14,19,4,5,2,6,17,52
517,Nik Stauskas,SG,28,TOT,8,39,0.357,20.7,0.25,0,0,1,0,0.4,10,4,14,4,6,0.667,1,2,3,2,0,0,1,1,18
517,Nik Stauskas,SG,28,MIA,2,24,0.375,17.4,0.25,0,0,1,0,0.5,4,4,8,3,4,0.75,1,2,3,1,0,0,0,1,11
517,Nik Stauskas,SG,28,BOS,6,15,0.333,25.2,,,,,,0.333,6,0,6,1,2,0.5,0,0,0,1,0,0,1,0,7
518,Lance Stephenson,PG-SG,31,TOT,46,814,0.455,14.3,0.515,0.662,0.547,0.423,0.398,0.3,90,233,323,63,80,0.788,12,115,127,165,24,4,72,96,384
518,Lance Stephenson,SG,31,ATL,6,70,0.385,15.5,0.5,0.667,,0.5,0.4,0,3,10,13,1,2,0.5,1,14,15,11,0,0,4,8,11
518,Lance Stephenson,PG,31,IND,40,744,0.458,14.2,0.516,0.662,0.547,0.417,0.397,0.31,87,223,310,62,78,0.795,11,101,112,154,24,4,68,88,373
519,Lamar Stevens,PF,24,CLE,63,1015,0.489,9.9,0.543,0.73,0.266,0.475,0.464,0.277,65,254,319,53,75,0.707,47,117,164,44,31,18,41,106,383
520,Isaiah Stewart,C,20,DET,71,1816,0.51,5.6,0.529,0.591,0.445,0.158,0.5,0.326,46,444,490,74,103,0.718,226,391,617,82,22,78,85,211,589
521,Max Strus,SF,25,MIA,68,1587,0.441,21.1,0.557,0.658,0.433,0.222,0.429,0.41,442,122,564,42,53,0.792,24,178,202,92,28,16,57,116,721
522,Jalen Suggs,PG,20,ORL,48,1307,0.361,13.3,0.443,0.611,0.313,0.395,0.306,0.214,196,352,548,126,163,0.773,26,145,171,209,59,19,143,142,564
523,Craig Sword,SG,28,WAS,3,19,0.75,7,1,1,,,,0,1,3,4,0,0,,0,0,0,1,4,0,1,7,6
524,Keifer Sykes,PG,28,IND,32,566,0.363,17.3,0.42,0.688,0.333,0.182,0.355,0.3,90,100,190,15,17,0.882,8,37,45,62,12,4,33,51,180
525,Jae'Sean Tate,PF,26,HOU,78,2056,0.498,9.2,0.569,0.705,0.391,0.286,0.333,0.312,202,527,729,130,184,0.707,135,285,420,222,72,41,139,286,919
526,Jayson Tatum,SF,23,BOS,76,2731,0.453,15.2,0.524,0.741,0.413,0.328,0.41,0.353,651,913,1564,400,469,0.853,85,524,609,334,75,49,217,174,2046
527,Terry Taylor,PF,22,IND,33,714,0.614,7.2,0.676,0.755,0.565,0.6,0.5,0.316,38,182,220,36,51,0.706,95,77,172,41,14,8,23,61,318
528,Garrett Temple,SG,35,NOP,59,1098,0.376,18.1,0.473,0.642,0.429,0.238,0.267,0.319,185,110,295,28,41,0.683,29,114,143,74,43,23,42,81,309
529,Emanuel Terry,PF,25,PHO,3,18,0,2.2,0,0,0,,,,0,5,5,0,0,,8,7,15,2,1,0,5,4,0
530,Tyrell Terry,PG,21,MEM,2,3,1,15.2,1,,,1,,,0,1,1,0,0,,0,0,0,0,0,0,0,1,2
531,Jon Teske,C,24,MEM,3,8,0,15.5,0,,,0,,,0,1,1,0,2,0,0,2,2,1,1,0,0,1,0
532,Daniel Theis,C,29,TOT,47,977,0.519,12.4,0.641,0.745,0.59,0.364,0.385,0.308,107,184,291,49,72,0.681,59,169,228,41,20,31,46,111,384
532,Daniel Theis,C,29,HOU,26,584,0.469,14.2,0.61,0.71,0.625,0.357,0.25,0.291,79,100,179,27,40,0.675,32,98,130,20,11,17,31,62,218
532,Daniel Theis,C,29,BOS,21,393,0.598,9.7,0.679,0.792,0.565,0.375,0.6,0.357,28,84,112,22,32,0.688,27,71,98,21,9,14,15,49,166
533,Brodric Thomas,SG,25,BOS,12,60,0.444,14.5,0.667,0.857,0,,,0.222,9,9,18,3,5,0.6,2,8,10,11,1,1,6,7,21
534,Cam Thomas,SG,20,BRK,67,1176,0.433,16,0.52,0.574,0.521,0.548,0.434,0.27,174,329,503,87,105,0.829,16,145,161,78,33,8,55,66,570
535,Isaiah Thomas,PG,32,TOT,22,333,0.401,16.8,0.464,0.571,0.233,0.636,0.545,0.337,83,84,167,22,26,0.846,4,25,29,34,7,5,15,34,184
535,Isaiah Thomas,PG,32,LAL,4,101,0.308,18.7,0.412,0.5,0,0.625,0,0.227,22,17,39,8,11,0.727,1,7,8,6,0,2,5,12,37
535,Isaiah Thomas,PG,32,DAL,1,13,0.375,17.6,0.6,1,,0.5,0.5,0,3,5,8,0,0,,0,0,0,4,0,0,0,0,6
535,Isaiah Thomas,PG,32,CHO,17,219,0.433,16.2,0.468,0.563,0.259,0.667,0.714,0.397,58,62,120,14,15,0.933,3,18,21,24,7,3,10,22,141
536,Matt Thomas,SG,27,CHI,40,459,0.41,22.6,0.465,1,0,0.273,0.552,0.385,91,43,134,16,20,0.8,3,47,50,20,8,3,8,18,161
537,Klay Thompson,SG,31,GSW,32,941,0.429,18.9,0.477,0.714,0.486,0.409,0.44,0.385,296,277,573,46,51,0.902,15,110,125,88,16,17,43,54,652
538,Tristan Thompson,C,30,TOT,57,896,0.528,4.3,0.53,0.608,0.452,0.556,0,0.333,3,264,267,61,116,0.526,120,168,288,34,23,21,45,98,344
538,Tristan Thompson,C,30,SAC,30,455,0.503,3.9,0.5,0.56,0.423,0.75,,1,1,150,151,32,60,0.533,72,89,161,18,11,12,29,52,185
538,Tristan Thompson,C,30,IND,4,66,0.542,4.9,0.542,0.857,0.375,1,,,0,24,24,3,8,0.375,7,11,18,2,0,2,4,7,29
538,Tristan Thompson,C,30,CHI,23,376,0.565,4.8,0.578,0.646,0.541,0.25,0,0,2,90,92,26,48,0.542,41,68,109,14,12,7,12,39,130
539,JT Thor,PF,19,CHO,33,262,0.436,15.8,0.607,0.786,0.429,0.25,0.667,0.259,27,28,55,12,20,0.6,11,32,43,19,8,11,10,26,67
540,Matisse Thybulle,SG,24,PHI,66,1685,0.5,13.1,0.673,0.795,0.276,0,,0.313,144,156,300,34,43,0.791,42,109,151,75,115,71,39,158,379
541,Killian Tillie,C,23,MEM,36,461,0.339,18.7,0.39,0.688,0.2,0.2,,0.314,86,41,127,5,8,0.625,21,39,60,22,23,15,13,58,118
542,Xavier Tillman Sr.,PF,23,MEM,53,701,0.454,9.6,0.527,0.595,0.472,0.478,0.286,0.204,49,167,216,46,71,0.648,66,95,161,62,49,15,34,63,252
543,Isaiah Todd,PF,20,WAS,12,74,0.269,18,0.3,0.25,0.333,0,1,0.25,16,10,26,2,6,0.333,3,9,12,4,4,2,4,4,20
544,Obi Toppin,PF,23,NYK,72,1230,0.531,10.5,0.655,0.728,0.392,0.375,0.333,0.308,169,304,473,94,124,0.758,69,199,268,77,25,33,56,102,648
545,Juan Toscano-Anderson,SF,28,GSW,73,994,0.489,11.7,0.588,0.662,0.538,0,0.333,0.322,87,148,235,40,70,0.571,28,148,176,127,48,17,68,115,298
546,Karl-Anthony Towns,C,26,MIN,74,2476,0.529,11.5,0.58,0.688,0.537,0.35,0.36,0.41,366,848,1214,384,467,0.822,194,533,727,269,72,83,226,267,1818
547,Gary Trent Jr.,SG,23,TOR,70,2448,0.414,18.5,0.445,0.579,0.415,0.48,0.376,0.383,545,541,1086,174,204,0.853,26,165,191,141,122,19,73,144,1283
548,P.J. Tucker,PF,36,MIA,71,1981,0.484,13.8,0.54,0.6,0.532,0.471,0.286,0.415,193,235,428,45,61,0.738,100,287,387,149,58,15,66,161,539
549,Rayjon Tucker,SG,24,TOT,5,71,0.667,18.2,0.5,1,,0,0,0.8,5,4,9,5,7,0.714,3,5,8,10,4,0,1,5,21
549,Rayjon Tucker,SG,24,DEN,3,29,0.5,25.8,,,,,,0.5,2,0,2,3,4,0.75,1,3,4,4,1,0,0,3,6
549,Rayjon Tucker,SG,24,MIL,2,42,0.714,16,0.5,1,,0,0,1,3,4,7,2,3,0.667,2,2,4,6,3,0,1,2,15
550,Myles Turner,C,25,IND,42,1235,0.509,14.8,0.662,0.789,0.565,0.526,0.545,0.333,183,210,393,79,105,0.752,65,232,297,44,28,118,54,119,540
551,Jonas Valančiūnas,C,29,NOP,74,2240,0.544,9.1,0.581,0.696,0.52,0.484,0.45,0.361,158,780,938,237,289,0.82,226,617,843,190,41,60,179,247,1314
552,Denzel Valentine,SG,28,TOT,24,222,0.379,20.6,0.316,0.75,0.333,0.143,0,0.404,47,19,66,0,0,,9,33,42,11,8,0,12,20,69
552,Denzel Valentine,SG,28,CLE,22,204,0.371,20.6,0.278,0.75,0.2,0.143,0,0.409,44,18,62,0,0,,9,29,38,11,7,0,10,17,64
552,Denzel Valentine,SG,28,UTA,2,18,0.5,21.6,1,,1,,,0.333,3,1,4,0,0,,0,4,4,0,1,0,2,3,5
553,Jarred Vanderbilt,PF,22,MIN,74,1880,0.587,3.1,0.605,0.71,0.289,0.25,0,0.143,14,347,361,86,131,0.656,215,409,624,94,99,46,73,181,512
554,Fred VanVleet,PG,27,TOR,65,2462,0.403,19.9,0.44,0.649,0.313,0.41,0.441,0.377,642,455,1097,194,222,0.874,44,245,289,434,111,35,170,162,1320
555,Devin Vassell,SF,21,SAS,71,1937,0.427,17.3,0.492,0.67,0.448,0.417,0.425,0.361,380,384,764,83,99,0.838,44,262,306,136,76,41,58,143,872
556,Gabe Vincent,PG,25,MIA,68,1589,0.417,19.5,0.5,0.563,0.475,0.524,0.378,0.368,323,190,513,44,54,0.815,22,104,126,210,62,12,98,158,591
557,Nikola Vučević,C,31,CHI,73,2418,0.473,13,0.537,0.708,0.49,0.449,0.397,0.314,331,823,1154,92,121,0.76,142,662,804,236,70,71,136,181,1288
558,Dean Wade,PF,25,CLE,51,980,0.456,18.3,0.64,0.767,0.5,0.267,1,0.359,142,75,217,20,30,0.667,31,119,150,52,29,7,16,88,269
559,Franz Wagner,SF,20,ORL,79,2429,0.468,10.4,0.511,0.625,0.455,0.31,0.25,0.354,271,704,975,189,219,0.863,84,272,356,231,68,34,119,164,1197
560,Moritz Wagner,C,24,ORL,63,960,0.497,14.4,0.672,0.752,0.552,,0,0.328,201,195,396,104,129,0.806,42,190,232,87,20,13,56,123,564
561,Ish Wainright,PF,27,PHO,45,359,0.394,15.8,0.489,0.708,0.294,0,0,0.322,59,45,104,7,12,0.583,27,27,54,15,20,6,13,49,108
562,Kemba Walker,PG,31,NYK,37,948,0.403,18,0.444,0.569,0.375,0.323,0.463,0.367,199,171,370,60,71,0.845,14,97,111,131,26,7,48,37,431
563,Lonnie Walker IV,SG,23,SAS,70,1612,0.407,17,0.487,0.693,0.43,0.366,0.383,0.314,353,411,764,116,148,0.784,18,163,181,152,44,19,71,98,849
564,M.J. Walker,SG,23,PHO,2,8,0,15.4,0,0,0,,,0,2,2,4,0,0,,0,1,1,1,2,0,0,1,0
565,Tyrone Wallace,SG,27,NOP,6,75,0.35,13,0.417,0.714,0,0,0,0.25,8,12,20,1,5,0.2,0,8,8,1,3,1,2,7,17
566,Derrick Walton,PG,26,DET,3,108,0.231,18.1,0.231,0.5,0.2,0,0.2,0.231,13,13,26,4,4,1,2,8,10,21,7,4,11,8,19
567,Brad Wanamaker,PG,32,TOT,23,320,0.364,13.4,0.4,0.438,0.438,0.462,0.267,0.235,17,60,77,23,25,0.92,6,33,39,55,7,6,23,45,83
567,Brad Wanamaker,PG,32,IND,22,293,0.361,13.3,0.4,0.438,0.438,0.4,0.308,0.235,17,55,72,20,22,0.909,6,29,35,48,5,6,23,42,76
567,Brad Wanamaker,PG,32,WAS,1,27,0.4,14.7,0.4,,,0.667,0,,0,5,5,3,3,1,0,4,4,7,2,0,0,3,7
568,Duane Washington Jr.,PG,21,IND,48,968,0.405,16.3,0.434,0.535,0.379,0.353,0.346,0.377,215,212,427,46,61,0.754,4,79,83,85,26,3,57,66,473
569,P.J. Washington,C,23,CHO,65,1768,0.47,15.8,0.606,0.711,0.4,0.5,0,0.365,301,231,532,58,81,0.716,82,255,337,147,57,61,82,152,668
570,Yuta Watanabe,SF,27,TOR,38,445,0.406,17.2,0.492,0.565,0.333,0.571,0.5,0.342,79,59,138,24,40,0.6,18,74,92,21,11,16,19,38,163
571,Lindy Waters III,SG,24,OKC,25,465,0.406,22.4,0.621,0.714,0.647,0.25,1,0.363,146,29,175,4,5,0.8,6,67,73,24,19,8,11,31,199
572,Tremont Waters,PG,24,TOT,3,50,0.286,22.7,0.4,,0.5,0.5,0,0.222,9,5,14,0,0,,0,4,4,7,5,0,4,4,10
572,Tremont Waters,PG,24,TOR,2,42,0.25,25.2,0.333,,0,1,0,0.222,9,3,12,0,0,,0,4,4,7,4,0,4,2,8
572,Tremont Waters,PG,24,WAS,1,8,0.5,7.6,0.5,,1,0,,,0,2,2,0,0,,0,0,0,0,1,0,0,2,2
573,Trendon Watford,SF,21,POR,48,869,0.532,8,0.581,0.768,0.478,0.361,0.25,0.237,38,229,267,71,94,0.755,57,142,199,81,25,28,44,116,364
574,Paul Watson,SF,27,OKC,9,156,0.343,19.7,0.667,0.75,0.5,1,,0.231,26,9,35,1,2,0.5,3,24,27,8,3,3,4,10,31
575,Quinndary Weatherspoon,SG,25,GSW,11,73,0.571,8.5,0.688,0.8,0.6,0,,0.2,5,16,21,5,5,1,2,12,14,5,1,1,3,15,30
576,Russell Westbrook,PG,33,LAL,78,2678,0.444,10.8,0.485,0.623,0.388,0.374,0.379,0.298,265,968,1233,266,399,0.667,110,470,580,550,75,20,295,235,1441
577,Coby White,PG,21,CHI,61,1675,0.433,17.4,0.491,0.661,0.357,0.381,0.404,0.385,353,291,644,78,91,0.857,17,165,182,176,29,11,70,137,772
578,Derrick White,SG,27,TOT,75,2199,0.421,15.4,0.515,0.614,0.503,0.479,0.217,0.312,369,431,800,203,235,0.864,38,223,261,366,64,58,119,172,992
578,Derrick White,SG,27,SAS,49,1486,0.426,15.2,0.519,0.594,0.515,0.472,0.286,0.314,258,312,570,139,160,0.869,25,148,173,274,49,42,87,116,706
578,Derrick White,SG,27,BOS,26,713,0.409,16,0.504,0.677,0.473,0.5,0.111,0.306,111,119,230,64,75,0.853,13,75,88,92,15,16,32,56,286
579,Hassan Whiteside,C,32,UTA,65,1162,0.652,3.8,0.652,0.802,0.516,0.263,0,,0,330,330,104,167,0.623,166,328,494,26,22,103,53,179,534
580,Joe Wieskamp,SG,22,SAS,29,205,0.357,21.5,0.462,0.75,0.333,0.5,0.25,0.326,43,13,56,7,13,0.538,4,10,14,9,4,3,2,14,61
581,Aaron Wiggins,SG,23,OKC,50,1209,0.463,12.7,0.573,0.655,0.514,0.5,0.5,0.304,138,199,337,62,85,0.729,51,127,178,68,30,10,54,93,416
582,Andrew Wiggins,SF,26,GSW,73,2330,0.466,14.9,0.513,0.732,0.49,0.365,0.372,0.393,399,620,1019,149,235,0.634,85,240,325,161,76,51,111,158,1256
583,Lindell Wigginton,PG,23,MIL,19,199,0.426,12.7,0.486,0.609,0.273,0,,0.346,26,35,61,19,35,0.543,3,22,25,23,5,1,12,17,80
584,Brandon Williams,PG,22,POR,24,640,0.372,14.1,0.42,0.507,0.327,0.429,0.348,0.292,106,176,282,68,97,0.701,19,55,74,94,24,10,58,52,309
585,Grant Williams,PF,23,BOS,77,1875,0.475,16.6,0.569,0.75,0.493,0.133,0.167,0.411,258,174,432,86,95,0.905,64,210,274,78,38,57,62,186,602
586,Kenrich Williams,SF,27,OKC,49,1072,0.461,13.7,0.536,0.649,0.479,0.48,0.391,0.339,121,196,317,30,55,0.545,75,145,220,108,44,10,46,81,363
587,Lou Williams,PG,35,ATL,56,799,0.391,15.3,0.404,0.514,0.392,0.372,0.385,0.363,102,218,320,67,78,0.859,16,71,87,105,28,3,43,48,354
588,Patrick Williams,PF,20,CHI,17,422,0.529,13.2,0.534,0.714,0.4,0.545,0.368,0.517,29,73,102,30,41,0.732,17,52,69,15,9,9,16,28,153
589,Robert Williams,C,24,BOS,61,1804,0.736,2.4,0.738,0.792,0.589,0.2,0.4,0,1,367,368,65,90,0.722,238,350,588,121,56,134,63,137,607
590,Ziaire Williams,SF,20,MEM,62,1346,0.45,17.2,0.632,0.855,0.478,0.343,0.64,0.314,242,182,424,43,55,0.782,26,103,129,65,35,12,41,113,501
591,D.J. Wilson,PF,25,TOR,4,54,0.733,9.6,0.846,1,0.5,0.667,1,0,2,13,15,8,10,0.8,1,15,16,5,5,1,2,6,30
592,Dylan Windler,SF,25,CLE,50,459,0.378,18.7,0.571,0.632,0.5,0,,0.3,70,28,98,15,18,0.833,21,68,89,34,14,3,16,47,110
593,Justise Winslow,PF,25,TOT,48,775,0.428,10.7,0.497,0.681,0.379,0.222,0.25,0.227,66,191,257,39,66,0.591,50,152,202,84,35,25,49,67,274
593,Justise Winslow,PF,25,LAC,37,480,0.447,9.5,0.518,0.686,0.422,0.273,0.2,0.172,29,112,141,25,41,0.61,30,103,133,52,21,18,37,46,156
593,Justise Winslow,PF,25,POR,11,295,0.405,12,0.468,0.675,0.286,0.143,0.273,0.27,37,79,116,14,25,0.56,20,49,69,32,14,7,12,21,118
594,Cassius Winston,PG,23,WAS,7,39,0.364,19.1,0.4,0,0,0.5,1,0.333,6,5,11,4,4,1,0,1,1,7,0,0,3,9,14
595,Christian Wood,C,26,HOU,68,2094,0.501,13,0.57,0.737,0.454,0.34,0.194,0.39,336,542,878,207,332,0.623,110,576,686,155,54,65,126,171,1218
596,Robert Woodard II,SF,22,SAC,12,42,0.125,12.7,0.083,0.333,0,0,0,0.25,4,12,16,2,2,1,5,6,11,3,1,1,1,3,7
597,Delon Wright,SG,29,ATL,77,1452,0.454,14.1,0.51,0.62,0.412,0.25,0.455,0.379,116,153,269,54,63,0.857,50,170,220,188,93,19,45,56,342
598,McKinley Wright IV,PG,23,MIN,5,19,0.667,19.3,1,,1,,,0.5,2,1,3,0,0,,0,0,0,3,0,0,1,1,5
599,Moses Wright,PF,23,TOT,4,15,0.25,13.2,0.333,1,,0,,0,1,3,4,3,3,1,1,2,3,2,0,1,0,0,5
599,Moses Wright,PF,23,LAC,1,1,,,,,,,,,0,0,0,0,0,,0,0,0,1,0,0,0,0,0
599,Moses Wright,PF,23,DAL,3,13,0.25,13.2,0.333,1,,0,,0,1,3,4,3,3,1,1,2,3,1,0,1,0,0,5
600,Gabe York,SG,28,IND,2,21,0.286,22.4,1,,1,,,0.167,6,1,7,3,5,0.6,0,2,2,4,2,1,1,4,8
601,Thaddeus Young,PF,33,TOT,52,845,0.518,7.7,0.554,0.625,0.523,0.286,0.167,0.354,48,224,272,23,49,0.469,80,128,208,104,54,18,52,81,322
601,Thaddeus Young,PF,33,SAS,26,370,0.578,5.1,0.602,0.72,0.561,0,0.333,0,5,123,128,10,22,0.455,40,53,93,59,23,7,30,38,158
601,Thaddeus Young,PF,33,TOR,26,475,0.465,10.1,0.495,0.537,0.463,0.667,0,0.395,43,101,144,13,27,0.481,40,75,115,45,31,11,22,43,164
602,Trae Young,PG,23,ATL,76,2652,0.46,16.5,0.512,0.62,0.451,0.469,0.513,0.382,610,934,1544,500,553,0.904,50,234,284,737,72,7,303,128,2155
603,Omer Yurtseven,C,23,MIA,56,706,0.526,5.8,0.547,0.722,0.432,0.357,0,0.091,11,236,247,38,61,0.623,85,209,294,49,17,20,41,84,299
604,Cody Zeller,C,29,POR,27,355,0.567,3.7,0.593,0.621,0.542,0.333,1,0,4,86,90,38,49,0.776,50,75,125,22,8,6,19,56,140
605,Ivica Zubac,C,24,LAC,76,1852,0.626,3.4,0.626,0.714,0.508,0.5,0.333,,0,495,495,165,227,0.727,217,427,644,120,36,77,114,203,785